Source,Target,Kind,Weight
111/2009/pojem/adresa-doručování-písemností,111/2009/pojem/adresa,specializuje,2
111/2009/pojem/adresa-místa-pobytu,111/2009/pojem/adresa,specializuje,2
111/2009/pojem/adresa-místa-provozovny-(stavební-objekt),111/2009/pojem/adresa,specializuje,2
111/2009/pojem/adresa-sídla-osoby,111/2009/pojem/adresa,specializuje,2
111/2009/pojem/místo-narození,111/2009/pojem/adresa,specializuje,2
111/2009/pojem/místo-úmrtí,111/2009/pojem/adresa,specializuje,2
111/2009/pojem/okres-narození,111/2009/pojem/adresa,specializuje,2
111/2009/pojem/okres-úmrtí,111/2009/pojem/adresa,specializuje,2
111/2009/pojem/kód-katastrálního-území,111/2009/pojem/kód-prvku,specializuje,2
111/2009/pojem/kód-kraje,111/2009/pojem/kód-prvku,specializuje,2
111/2009/pojem/kód-městské-části-v-hlavním-městě-Praze,111/2009/pojem/kód-prvku,specializuje,2
111/2009/pojem/kód-městského-obvodu-a-městské-části-územně-členěného-statutárního-města,111/2009/pojem/kód-prvku,specializuje,2
111/2009/pojem/kód-městského-obvodu-v-hlavním-městě-Praze,111/2009/pojem/kód-prvku,specializuje,2
111/2009/pojem/kód-obce,111/2009/pojem/kód-prvku,specializuje,2
111/2009/pojem/kód-okresu,111/2009/pojem/kód-prvku,specializuje,2
111/2009/pojem/kód-regionu-soudržnosti,111/2009/pojem/kód-prvku,specializuje,2
111/2009/pojem/kód-správního-obvodu-ORP,111/2009/pojem/kód-prvku,specializuje,2
111/2009/pojem/kód-správního-obvodu-obce-s-pověřeným-obecním-úřadem,111/2009/pojem/kód-prvku,specializuje,2
111/2009/pojem/kód-správního-obvodu-v-hlavním-městě-Praze,111/2009/pojem/kód-prvku,specializuje,2
111/2009/pojem/kód-státu,111/2009/pojem/kód-prvku,specializuje,2
111/2009/pojem/kód-vojenského-újezdu,111/2009/pojem/kód-prvku,specializuje,2
111/2009/pojem/kód-vyššího-samosprávného-celku,111/2009/pojem/kód-prvku,specializuje,2
111/2009/pojem/kód-základní-sídelní-jednotky,111/2009/pojem/kód-prvku,specializuje,2
111/2009/pojem/lokalizační-údaje-katastrálního-území,111/2009/pojem/lokalizační-údaje,specializuje,2
111/2009/pojem/lokalizační-údaje-kraje,111/2009/pojem/lokalizační-údaje,specializuje,2
111/2009/pojem/lokalizační-údaje-městské-části-v-hlavním-městě-Praze,111/2009/pojem/lokalizační-údaje,specializuje,2
111/2009/pojem/lokalizační-údaje-městského-obvodu-v-hlavním-městě-Praze,111/2009/pojem/lokalizační-údaje,specializuje,2
111/2009/pojem/lokalizační-údaje-obce,111/2009/pojem/lokalizační-údaje,specializuje,2
111/2009/pojem/lokalizační-údaje-obvodu-ORP,111/2009/pojem/lokalizační-údaje,specializuje,2
111/2009/pojem/lokalizační-údaje-okresu,111/2009/pojem/lokalizační-údaje,specializuje,2
111/2009/pojem/lokalizační-údaje-regionu-soudržnosti,111/2009/pojem/lokalizační-údaje,specializuje,2
111/2009/pojem/lokalizační-údaje-správního-obvodu-obce-s-pověřeným-obecním-úřadem,111/2009/pojem/lokalizační-údaje,specializuje,2
111/2009/pojem/lokalizační-údaje-správního-obvodu-v-hlavním-městě-Praze,111/2009/pojem/lokalizační-údaje,specializuje,2
111/2009/pojem/lokalizační-údaje-státu,111/2009/pojem/lokalizační-údaje,specializuje,2
111/2009/pojem/lokalizační-údaje-vojenského-újezdu,111/2009/pojem/lokalizační-údaje,specializuje,2
111/2009/pojem/lokalizační-údaje-vyššího-samosprávného-celku,111/2009/pojem/lokalizační-údaje,specializuje,2
111/2009/pojem/lokalizační-údaje-základní-sídelní-jednotky,111/2009/pojem/lokalizační-údaje,specializuje,2
111/2009/pojem/lokalizační-ůdaje-městského-obvodu-a-městské-části-územně-členěného-statutárního-města,111/2009/pojem/lokalizační-údaje,specializuje,2
111/2009/pojem/právnická-osoba,111/2009/pojem/osoba,specializuje,2
111/2009/pojem/účelový-územní-prvek,111/2009/pojem/územní-prvek,specializuje,2
128/2000/pojem/volič,128/2000/pojem/občan-obce,specializuje,2
247/1995/pojem/volební-účet,247/1995/pojem/bankovní-účet,specializuje,2
247/1995/pojem/neplatný-hlasovací-lístek-pro-volby-do-Poslanecké-sněmovny,247/1995/pojem/hlasovací-lístek-pro-volby-do-Poslanecké-sněmovny,specializuje,2
247/1995/pojem/platný-hlasovací-lístek-pro-volby-do-Poslanecké-sněmovny,247/1995/pojem/hlasovací-lístek-pro-volby-do-Poslanecké-sněmovny,specializuje,2
247/1995/pojem/neplatný-hlasovací-lístek-pro-volby-do-Senátu,247/1995/pojem/hlasovací-lístek-pro-volby-do-Senátu,specializuje,2
247/1995/pojem/platný-hlasovací-lístek-pro-volby-do-Senátu,247/1995/pojem/hlasovací-lístek-pro-volby-do-Senátu,specializuje,2
247/1995/pojem/nezávislý-kandidát-pro-volby-do-senátu,247/1995/pojem/kandidát-pro-volby-do-Senátu,specializuje,2
"247/1995/pojem/úřad-městské-části-nebo-městského-obvodu-v-Brně,-Ostravě-a-Plzni",247/1995/pojem/pověřený-obecní-úřad,specializuje,2
247/1995/pojem/zvláštní-seznam-pro-volby-do-Parlamentu-ČR,247/1995/pojem/stálý-seznam-pro-volby-do-Parlamentu-ČR,specializuje,2
247/1995/pojem/stálý-volební-okrsek-pro-volby-do-Parlamentu-ČR,247/1995/pojem/volební-okrsek-pro-volby-do-Parlamentu-ČR,specializuje,2
247/1995/pojem/zpracovaný-volební-okrsek-pro-volby-do-Parlamentu-ČR,247/1995/pojem/volební-okrsek-pro-volby-do-Parlamentu-ČR,specializuje,2
247/1995/pojem/zvláštní-volební-okrsek-pro-volby-do-Parlamentu-ČR,247/1995/pojem/volební-okrsek-pro-volby-do-Parlamentu-ČR,specializuje,2
247/1995/pojem/odevzdaná-obálka,247/1995/pojem/úřední-obálka,specializuje,2
247/1995/pojem/vydaná-obálka,247/1995/pojem/úřední-obálka,specializuje,2
424/1991/pojem/datum-narození-likvidátora,424/1991/pojem/datum-narození-fyzické-osoby,specializuje,2
424/1991/pojem/datum-narození-člena-statutárního-orgánu,424/1991/pojem/datum-narození-fyzické-osoby,specializuje,2
424/1991/pojem/jméno-insolvenčního-správce,424/1991/pojem/jméno-fyzické-osoby,specializuje,2
424/1991/pojem/jméno-likvidátora,424/1991/pojem/jméno-fyzické-osoby,specializuje,2
424/1991/pojem/jméno-člena-statutárního-orgánu,424/1991/pojem/jméno-fyzické-osoby,specializuje,2
424/1991/pojem/zvláštní-účet,424/1991/pojem/platební-účet-hnutí,specializuje,2
424/1991/pojem/zvláštní-účet,424/1991/pojem/platební-účet-politické-strany,specializuje,2
424/1991/pojem/zvláštní-účet,424/1991/pojem/platební-účet-politického-institutu,specializuje,2
424/1991/pojem/příjmení-insolvenčního-správce,424/1991/pojem/příjmení-fyzické-osoby,specializuje,2
424/1991/pojem/příjmení-likvidátora,424/1991/pojem/příjmení-fyzické-osoby,specializuje,2
424/1991/pojem/příjmení-člena-statutárního-orgánu,424/1991/pojem/příjmení-fyzické-osoby,specializuje,2
491/2001/pojem/adresa-místa-pobytu-kandidáta-pro-volby-do-zastupitelstev-obcí,491/2001/pojem/adresa-místa-pobytu-fyzické-osoby,specializuje,2
491/2001/pojem/adresa-místa-pobytu-petenta,491/2001/pojem/adresa-místa-pobytu-fyzické-osoby,specializuje,2
"491/2001/pojem/datum,-místo-a-okres-či-stát-úmrtí-kandidáta-pro-volby-do-zastupitelstev-obcí",491/2001/pojem/datum,specializuje,2
"491/2001/pojem/datum,-místo-a-okres-či-stát-úmrtí-petenta",491/2001/pojem/datum,specializuje,2
491/2001/pojem/datum-narození-kandidáta-pro-volby-do-zastupitelstev-obcí,491/2001/pojem/datum-narození-fyzické-osoby,specializuje,2
491/2001/pojem/datum-narození-petenta,491/2001/pojem/datum-narození-fyzické-osoby,specializuje,2
491/2001/pojem/jméno-kandidáta-pro-volby-do-zastupitelstev-obcí,491/2001/pojem/jméno-fyzické-osoby,specializuje,2
491/2001/pojem/jméno-petenta,491/2001/pojem/jméno-fyzické-osoby,specializuje,2
491/2001/pojem/náhradník,491/2001/pojem/kandidát-pro-volby-do-zastupitelstva-obce,specializuje,2
491/2001/pojem/příjmení-kandidáta-pro-volby-do-zastupitelstev-obcí,491/2001/pojem/příjmení-fyzické-osoby,specializuje,2
491/2001/pojem/příjmení-petenta,491/2001/pojem/příjmení-fyzické-osoby,specializuje,2
491/2001/pojem/dodatek-stálého-seznamu-voličů,491/2001/pojem/stálý-seznam-voličů,specializuje,2
491/2001/pojem/státní-občanství-kandidáta-pro-volby-do-zastupitelstev-obcí,491/2001/pojem/státní-občanství-fyzické-osoby,specializuje,2
491/2001/pojem/státní-občanství-petenta,491/2001/pojem/státní-občanství-fyzické-osoby,specializuje,2
491/2001/pojem/koalice,491/2001/pojem/volební-strana,specializuje,2
491/2001/pojem/nezávislý-kandidát-pro-volby-do-zastupitelstev-obcí,491/2001/pojem/volební-strana,specializuje,2
491/2001/pojem/politická-strana,491/2001/pojem/volební-strana,specializuje,2
491/2001/pojem/politické-hnutí,491/2001/pojem/volební-strana,specializuje,2
491/2001/pojem/sdružení-nezávislých-kandidátů,491/2001/pojem/volební-strana,specializuje,2
491/2001/pojem/sdružení-politických-hnutí,491/2001/pojem/volební-strana,specializuje,2
491/2001/pojem/sdružení-politických-stran,491/2001/pojem/volební-strana,specializuje,2
491/2001/pojem/petent,491/2001/pojem/volič,specializuje,2
491/2001/pojem/volební-okrsek,491/2001/pojem/účelový-územní-prvek,specializuje,2
62/2003/pojem/volební-účet,62/2003/pojem/bankovní-účet,specializuje,2
62/2003/pojem/neplatný-hlasovací-lístek-pro-volby-do-Evropského-parlamentu,62/2003/pojem/hlasovací-lístek-pro-volby-do-Evropského-parlamentu,specializuje,2
62/2003/pojem/platný-hlasovací-lístek-pro-volby-do-Evropského-parlamentu,62/2003/pojem/hlasovací-lístek-pro-volby-do-Evropského-parlamentu,specializuje,2
62/2003/pojem/seznam-voličů-pro-volby-do-Evropského-parlamentu,62/2003/pojem/stálý-seznam-voličů,specializuje,2
62/2003/pojem/zvláštní-seznam-voličů-u-zastupitelského-úřadu,62/2003/pojem/stálý-seznam-voličů,specializuje,2
62/2003/pojem/stálý-volební-okrsek-pro-volby-do-Evropského-parlamentu,62/2003/pojem/volební-okrsek,specializuje,2
62/2003/pojem/Ministerstvo-vnitra,62/2003/pojem/volební-orgán,specializuje,2
62/2003/pojem/Ministerstvo-zahraničních-věcí,62/2003/pojem/volební-orgán,specializuje,2
62/2003/pojem/Státní-volební-komise,62/2003/pojem/volební-orgán,specializuje,2
62/2003/pojem/krajský-úřad,62/2003/pojem/volební-orgán,specializuje,2
62/2003/pojem/obecní-úřad,62/2003/pojem/volební-orgán,specializuje,2
62/2003/pojem/okrsková-volební-komise,62/2003/pojem/volební-orgán,specializuje,2
62/2003/pojem/pověřený-obecní-úřad,62/2003/pojem/volební-orgán,specializuje,2
62/2003/pojem/starosta,62/2003/pojem/volební-orgán,specializuje,2
62/2003/pojem/starosta-stojící-v-čele-pověřeného-obecního-úřadu-a-ředitel-krajského-úřadu,62/2003/pojem/volební-orgán,specializuje,2
62/2003/pojem/zastupitelský-úřad,62/2003/pojem/volební-orgán,specializuje,2
62/2003/pojem/Český-statistický-úřad,62/2003/pojem/volební-orgán,specializuje,2
62/2003/pojem/odevzdaná-obálka,62/2003/pojem/úřední-obálka,specializuje,2
62/2003/pojem/vydaná-obálka,62/2003/pojem/úřední-obálka,specializuje,2
"491/2001/pojem/datum,-místo-a-okres-či-stát-úmrtí-kandidáta-pro-volby-do-zastupitelstev-obcí",491/2001/pojem/místo-a-okres-či-stát-úmrtí-fyzické-osoby,specializuje,2
"491/2001/pojem/datum,-místo-a-okres-či-stát-úmrtí-petenta",491/2001/pojem/místo-a-okres-či-stát-úmrtí-fyzické-osoby,specializuje,2
247/1995/pojem/Magistrát-hlavního-města-Prahy-pro-volby-do-Poslanecké-sněmovny,247/1995/pojem/volební-orgán,specializuje,2
247/1995/pojem/Ministerstvo-vnitra,247/1995/pojem/volební-orgán,specializuje,2
247/1995/pojem/Ministerstvo-zahraničních-věcí,247/1995/pojem/volební-orgán,specializuje,2
247/1995/pojem/Státní-volební-komise,247/1995/pojem/volební-orgán,specializuje,2
"247/1995/pojem/magistráty-Brna,-Ostravy-a-Plzně-pro-volby-do-Senátu",247/1995/pojem/volební-orgán,specializuje,2
247/1995/pojem/obecní-úřad,247/1995/pojem/volební-orgán,specializuje,2
247/1995/pojem/okrsková-volební-komise,247/1995/pojem/volební-orgán,specializuje,2
247/1995/pojem/pověřený-obecní-úřad,247/1995/pojem/volební-orgán,specializuje,2
247/1995/pojem/pověřený-obecní-úřad-v-sídle-volebního-obvodu,247/1995/pojem/volební-orgán,specializuje,2
247/1995/pojem/primátor-statutárního-města,247/1995/pojem/volební-orgán,specializuje,2
247/1995/pojem/starosta,247/1995/pojem/volební-orgán,specializuje,2
247/1995/pojem/starosta-městské-části-nebo-městského-obvodu,247/1995/pojem/volební-orgán,specializuje,2
247/1995/pojem/zastupitelský-úřad,247/1995/pojem/volební-orgán,specializuje,2
247/1995/pojem/zvláštní-okrsková-volební-komise-pro-volby-do-Poslanecké-sněmovny,247/1995/pojem/volební-orgán,specializuje,2
247/1995/pojem/úřad-městské-části-Praha-1,247/1995/pojem/volební-orgán,specializuje,2
247/1995/pojem/úřad-městské-části-Prahy,247/1995/pojem/volební-orgán,specializuje,2
247/1995/pojem/úřad-městské-části-v-sídle-volebního-obvodu,247/1995/pojem/volební-orgán,specializuje,2
247/1995/pojem/Český-statistický-úřad,247/1995/pojem/volební-orgán,specializuje,2
247/1995/pojem/krajský-úřad,247/1995/pojem/volební-orgán,specializuje,2
111/2009/pojem/fyzická-osoba,111/2009/pojem/adresa-mimo-území-ČR,má vlastnost,1
111/2009/pojem/fyzická-osoba,111/2009/pojem/bezpečností-osobní-kód-identifikačního-dokladu,má vlastnost,1
111/2009/pojem/fyzická-osoba,111/2009/pojem/datum-narození-fyzické-osoby,má vlastnost,1
111/2009/pojem/fyzická-osoba,111/2009/pojem/datum-úmrtí,má vlastnost,1
111/2009/pojem/fyzická-osoba,111/2009/pojem/druh-identifikačního-dokladu,má vlastnost,1
111/2009/pojem/fyzická-osoba,111/2009/pojem/identifikace-poštovní-přihrádky,má vlastnost,1
111/2009/pojem/fyzická-osoba,111/2009/pojem/identifikátor-fyzické-osoby,má vlastnost,1
111/2009/pojem/fyzická-osoba,111/2009/pojem/jméno-fyzické-osoby,má vlastnost,1
111/2009/pojem/fyzická-osoba,111/2009/pojem/místo-úmrtí-mimo-ČR,má vlastnost,1
111/2009/pojem/fyzická-osoba,111/2009/pojem/příjmení-fyzické-osoby,má vlastnost,1
111/2009/pojem/fyzická-osoba,111/2009/pojem/stát-úmrtí,má vlastnost,1
111/2009/pojem/fyzická-osoba,111/2009/pojem/státní-občanství,má vlastnost,1
111/2009/pojem/fyzická-osoba,111/2009/pojem/číslo-identifikačního-dokladu,má vlastnost,1
111/2009/pojem/osoba,111/2009/pojem/adresa-místa-provozovny,má vlastnost,1
111/2009/pojem/osoba,111/2009/pojem/agendový-identifikátor-fyzické-osoby-pro-agendu-registru-osob,má vlastnost,1
111/2009/pojem/osoba,111/2009/pojem/datum-ukončení-provozování-činnosti-v-provozovně,má vlastnost,1
111/2009/pojem/osoba,111/2009/pojem/datum-vzniku/zápisu-do-evidence,má vlastnost,1
111/2009/pojem/osoba,111/2009/pojem/datum-zahájení-provozování-činnosti-v-provozovně,má vlastnost,1
111/2009/pojem/osoba,111/2009/pojem/datum-zániku/výmazu-z-evidence,má vlastnost,1
111/2009/pojem/osoba,111/2009/pojem/identifikační-číslo-osoby,má vlastnost,1
111/2009/pojem/osoba,111/2009/pojem/identifikační-číslo-provozovny,má vlastnost,1
111/2009/pojem/osoba,111/2009/pojem/insolvenční-správce,má vlastnost,1
111/2009/pojem/osoba,111/2009/pojem/jméno-a-příjmení,má vlastnost,1
111/2009/pojem/osoba,111/2009/pojem/likvidátor,má vlastnost,1
111/2009/pojem/osoba,111/2009/pojem/nucený-správce,má vlastnost,1
111/2009/pojem/osoba,111/2009/pojem/název,má vlastnost,1
111/2009/pojem/osoba,111/2009/pojem/obchodní-firma,má vlastnost,1
111/2009/pojem/osoba,111/2009/pojem/opatrovník,má vlastnost,1
111/2009/pojem/osoba,111/2009/pojem/označení,má vlastnost,1
111/2009/pojem/osoba,111/2009/pojem/pozastavení-činnosti,má vlastnost,1
111/2009/pojem/osoba,111/2009/pojem/právní-forma,má vlastnost,1
111/2009/pojem/osoba,111/2009/pojem/právní-stav,má vlastnost,1
111/2009/pojem/osoba,111/2009/pojem/přerušení-činnosti,má vlastnost,1
111/2009/pojem/osoba,111/2009/pojem/statutární-orgán,má vlastnost,1
111/2009/pojem/územní-prvek,111/2009/pojem/datum-vzniku,má vlastnost,1
111/2009/pojem/územní-prvek,111/2009/pojem/kód-katastrálního-území,má vlastnost,1
111/2009/pojem/územní-prvek,111/2009/pojem/kód-kraje,má vlastnost,1
111/2009/pojem/územní-prvek,111/2009/pojem/kód-městské-části-v-hlavním-městě-Praze,má vlastnost,1
111/2009/pojem/územní-prvek,111/2009/pojem/kód-městského-obvodu-a-městské-části-územně-členěného-statutárního-města,má vlastnost,1
111/2009/pojem/územní-prvek,111/2009/pojem/kód-městského-obvodu-v-hlavním-městě-Praze,má vlastnost,1
111/2009/pojem/územní-prvek,111/2009/pojem/kód-obce,má vlastnost,1
111/2009/pojem/územní-prvek,111/2009/pojem/kód-okresu,má vlastnost,1
111/2009/pojem/územní-prvek,111/2009/pojem/kód-regionu-soudržnosti,má vlastnost,1
111/2009/pojem/územní-prvek,111/2009/pojem/kód-správního-obvodu-ORP,má vlastnost,1
111/2009/pojem/územní-prvek,111/2009/pojem/kód-správního-obvodu-obce-s-pověřeným-obecním-úřadem,má vlastnost,1
111/2009/pojem/územní-prvek,111/2009/pojem/kód-správního-obvodu-v-hlavním-městě-Praze,má vlastnost,1
111/2009/pojem/územní-prvek,111/2009/pojem/kód-státu,má vlastnost,1
111/2009/pojem/územní-prvek,111/2009/pojem/kód-vojenského-újezdu,má vlastnost,1
111/2009/pojem/územní-prvek,111/2009/pojem/kód-vyššího-samosprávného-celku,má vlastnost,1
111/2009/pojem/územní-prvek,111/2009/pojem/kód-základní-sídelní-jednotky,má vlastnost,1
111/2009/pojem/územní-prvek,111/2009/pojem/lokalizační-údaje-katastrálního-území,má vlastnost,1
111/2009/pojem/územní-prvek,111/2009/pojem/lokalizační-údaje-kraje,má vlastnost,1
111/2009/pojem/územní-prvek,111/2009/pojem/lokalizační-údaje-městské-části-v-hlavním-městě-Praze,má vlastnost,1
111/2009/pojem/územní-prvek,111/2009/pojem/lokalizační-údaje-městského-obvodu-v-hlavním-městě-Praze,má vlastnost,1
111/2009/pojem/územní-prvek,111/2009/pojem/lokalizační-údaje-obce,má vlastnost,1
111/2009/pojem/územní-prvek,111/2009/pojem/lokalizační-údaje-obvodu-ORP,má vlastnost,1
111/2009/pojem/územní-prvek,111/2009/pojem/lokalizační-údaje-okresu,má vlastnost,1
111/2009/pojem/územní-prvek,111/2009/pojem/lokalizační-údaje-regionu-soudržnosti,má vlastnost,1
111/2009/pojem/územní-prvek,111/2009/pojem/lokalizační-údaje-správního-obvodu-obce-s-pověřeným-obecním-úřadem,má vlastnost,1
111/2009/pojem/územní-prvek,111/2009/pojem/lokalizační-údaje-správního-obvodu-v-hlavním-městě-Praze,má vlastnost,1
111/2009/pojem/územní-prvek,111/2009/pojem/lokalizační-údaje-státu,má vlastnost,1
111/2009/pojem/územní-prvek,111/2009/pojem/lokalizační-údaje-vojenského-újezdu,má vlastnost,1
111/2009/pojem/územní-prvek,111/2009/pojem/lokalizační-údaje-vyššího-samosprávného-celku,má vlastnost,1
111/2009/pojem/územní-prvek,111/2009/pojem/lokalizační-údaje-základní-sídelní-jednotky,má vlastnost,1
111/2009/pojem/územní-prvek,111/2009/pojem/lokalizační-ůdaje-městského-obvodu-a-městské-části-územně-členěného-statutárního-města,má vlastnost,1
111/2009/pojem/územní-prvek,111/2009/pojem/název-katastrálního-území,má vlastnost,1
111/2009/pojem/územní-prvek,111/2009/pojem/název-kraje,má vlastnost,1
111/2009/pojem/územní-prvek,111/2009/pojem/název-městské-části-v-hlavním-městě-Praze,má vlastnost,1
111/2009/pojem/územní-prvek,111/2009/pojem/název-městského-obvodu-a-městské-části-územně-členěného-statutárního-města,má vlastnost,1
111/2009/pojem/územní-prvek,111/2009/pojem/název-městského-obvodu-v-hlavním-městě-Praze,má vlastnost,1
111/2009/pojem/územní-prvek,111/2009/pojem/název-obce,má vlastnost,1
111/2009/pojem/územní-prvek,111/2009/pojem/název-okresu,má vlastnost,1
111/2009/pojem/územní-prvek,111/2009/pojem/název-regionu-soudržnosti,má vlastnost,1
111/2009/pojem/územní-prvek,111/2009/pojem/název-správního-obvodu-ORP,má vlastnost,1
111/2009/pojem/územní-prvek,111/2009/pojem/název-správního-obvodu-obce-s-pověřeným-obecním-úřadem,má vlastnost,1
111/2009/pojem/územní-prvek,111/2009/pojem/název-správního-obvodu-v-hlavním-městě-Praze,má vlastnost,1
111/2009/pojem/územní-prvek,111/2009/pojem/název-státu,má vlastnost,1
111/2009/pojem/územní-prvek,111/2009/pojem/název-vojenského-újezdu,má vlastnost,1
111/2009/pojem/územní-prvek,111/2009/pojem/název-vyššího-samosprávného-celku,má vlastnost,1
111/2009/pojem/územní-prvek,111/2009/pojem/název-základní-sídelní-jednotky,má vlastnost,1
111/2009/pojem/územní-prvek,111/2009/pojem/parcelní-číslo,má vlastnost,1
111/2009/pojem/územní-prvek,111/2009/pojem/status-obce,má vlastnost,1
111/2009/pojem/územní-prvek,111/2009/pojem/údaj-o-přidělení/nepřidělení-čísla,má vlastnost,1
111/2009/pojem/územní-prvek,111/2009/pojem/číslo-evidenční-nebo-popisné-stavebního-objektu,má vlastnost,1
128/2000/pojem/obec,128/2000/pojem/názec-obce,má vlastnost,1
128/2000/pojem/obec,128/2000/pojem/typ-obce,má vlastnost,1
128/2000/pojem/obec,128/2000/pojem/číslo-obce,má vlastnost,1
130/2000/pojem/kandidát-pro-volby-do-zastupitelstva-kraje,"130/2000/pojem/datum,-místo-a-okres-či-stát-úmrtí-kandidáta-pro-volby-do-zastupitelstva-kraje",má vlastnost,1
130/2000/pojem/kandidát-pro-volby-do-zastupitelstva-kraje,130/2000/pojem/datum-narození-kandidáta-pro-volby-do-zastupitelstva-kraje,má vlastnost,1
130/2000/pojem/kandidát-pro-volby-do-zastupitelstva-kraje,130/2000/pojem/jméno-kandidáta-pro-volby-do-zastupitelstva-kraje,má vlastnost,1
130/2000/pojem/kandidát-pro-volby-do-zastupitelstva-kraje,130/2000/pojem/pohlaví-kandidáta-pro-volby-do-zastupitelstva-kraje,má vlastnost,1
130/2000/pojem/kandidát-pro-volby-do-zastupitelstva-kraje,130/2000/pojem/povolání-kandidáta-pro-volby-do-zastupitelstva-kraje,má vlastnost,1
130/2000/pojem/kandidát-pro-volby-do-zastupitelstva-kraje,130/2000/pojem/pořadí-kandidáta-pro-volby-do-zastupitelstva-kraje,má vlastnost,1
130/2000/pojem/kandidát-pro-volby-do-zastupitelstva-kraje,130/2000/pojem/příjmení-kandidáta-pro-volby-do-zastupitelstva-kraje,má vlastnost,1
130/2000/pojem/kandidát-pro-volby-do-zastupitelstva-kraje,130/2000/pojem/státní-občanství-kandidáta-pro-volby-do-zastupitelstva-kraje,má vlastnost,1
130/2000/pojem/kandidát-pro-volby-do-zastupitelstva-kraje,130/2000/pojem/věk-kandidáta-pro-volby-do-zastupitelstva-kraje,má vlastnost,1
130/2000/pojem/úřední-obálka,130/2000/pojem/odevzdaná-obálka,má vlastnost,1
130/2000/pojem/úřední-obálka,130/2000/pojem/vydaná-obálka,má vlastnost,1
247/1995/pojem/bezúplatné-plnění-financování-volební-kampaně-ocenitelné-v-penězích,247/1995/pojem/obvyklá-cena-bezúplatného-plnění,má vlastnost,1
247/1995/pojem/bezúplatné-plnění-financování-volební-kampaně-ocenitelné-v-penězích,247/1995/pojem/popis-bezúplatného-plnění,má vlastnost,1
247/1995/pojem/kandidát-pro-volby-do-Poslanecké-sněmovny,247/1995/pojem/jméno-kandidáta-do-Poslanecké-sněmovny,má vlastnost,1
247/1995/pojem/kandidát-pro-volby-do-Poslanecké-sněmovny,247/1995/pojem/pohlaví-kandidáta-do-Poslanecké-sněmovny,má vlastnost,1
247/1995/pojem/kandidát-pro-volby-do-Poslanecké-sněmovny,247/1995/pojem/povolání-kandidáta-do-Poslanecké-sněmovny,má vlastnost,1
247/1995/pojem/kandidát-pro-volby-do-Poslanecké-sněmovny,247/1995/pojem/pořadí-kandidáta-na-kandidátní-listině,má vlastnost,1
247/1995/pojem/kandidát-pro-volby-do-Poslanecké-sněmovny,247/1995/pojem/přijmení-kandidáta-do-Poslanecké-sněmovny,má vlastnost,1
247/1995/pojem/kandidát-pro-volby-do-Poslanecké-sněmovny,247/1995/pojem/věk-kandidáta-do-Poslanecké-sněmovny,má vlastnost,1
247/1995/pojem/kandidát-pro-volby-do-Senátu,247/1995/pojem/jméno-kandidáta-pro-volby-do-Senátu,má vlastnost,1
247/1995/pojem/kandidát-pro-volby-do-Senátu,247/1995/pojem/pohlaví-kandidáta-pro-volby-do-Senátu,má vlastnost,1
247/1995/pojem/kandidát-pro-volby-do-Senátu,247/1995/pojem/povolání-kandidáta-pro-volby-do-Senátu,má vlastnost,1
247/1995/pojem/kandidát-pro-volby-do-Senátu,247/1995/pojem/přijmení-kandidáta-pro-volby-do-Senátu,má vlastnost,1
247/1995/pojem/kandidát-pro-volby-do-Senátu,247/1995/pojem/věk-kandidáta-pro-volby-do-Senátu,má vlastnost,1
247/1995/pojem/mandát,247/1995/pojem/počet-manátů,má vlastnost,1
247/1995/pojem/mandát,247/1995/pojem/republikové-mandátové-číslo,má vlastnost,1
247/1995/pojem/náhradník-zmocněnce-politické-strany-politického-hnutí-nebo-koalice,247/1995/pojem/jméno-náhradníka-zmocněnce-politické-strany-politického-hnutí-nebo-koalice,má vlastnost,1
247/1995/pojem/náhradník-zmocněnce-politické-strany-politického-hnutí-nebo-koalice,247/1995/pojem/příjmení-náhradníka-zmocněnce-politické-strany-politického-hnutí-nebo-koalice,má vlastnost,1
247/1995/pojem/obec,247/1995/pojem/název-obce,má vlastnost,1
247/1995/pojem/obec,247/1995/pojem/typ-obce,má vlastnost,1
247/1995/pojem/obec,247/1995/pojem/číslo-obce,má vlastnost,1
247/1995/pojem/okres,247/1995/pojem/NUTS-okresu,má vlastnost,1
247/1995/pojem/okres,247/1995/pojem/název-okresu,má vlastnost,1
247/1995/pojem/osoba-oprávněná-jednat-jménem-politické-strany-politického-hnutí-nebo-koalice,247/1995/pojem/funkce-osoby-oprávněné-jednat-jménem-politické-strany-politického-hnutí-nebo-koalice,má vlastnost,1
247/1995/pojem/osoba-oprávněná-jednat-jménem-politické-strany-politického-hnutí-nebo-koalice,247/1995/pojem/jméno-osoby-oprávněné-jednat-jménem-politické-strany-politického-hnutí-nebo-koalice,má vlastnost,1
247/1995/pojem/osoba-oprávněná-jednat-jménem-politické-strany-politického-hnutí-nebo-koalice,247/1995/pojem/přijmení-osoby-oprávněné-jednat-jménem-politické-strany-politického-hnutí-nebo-koalice,má vlastnost,1
247/1995/pojem/peněžní-dluh,247/1995/pojem/obvyklá-cena,má vlastnost,1
247/1995/pojem/peněžní-dluh,247/1995/pojem/závazek-plnění,má vlastnost,1
247/1995/pojem/peněžní-prostředek-na-volebním-účtě,247/1995/pojem/hodnota-peněžního-prostředku-na-volebním-účtě,má vlastnost,1
247/1995/pojem/politická-strana-politické-hnutí-nebo-koalice,247/1995/pojem/interní-kód-politické-strany-politického-hnutí-nebo-koalice,má vlastnost,1
247/1995/pojem/politická-strana-politické-hnutí-nebo-koalice,247/1995/pojem/název-politické-strany-politického-hnutí-nebo-koalice,má vlastnost,1
247/1995/pojem/politická-strana-politické-hnutí-nebo-koalice,247/1995/pojem/vylosované-číslo-politické-strany-politického-hnutí-nebo-koalice,má vlastnost,1
247/1995/pojem/poskytovatel-bezúplatného-plnění-fyzická-osoba,247/1995/pojem/datum-narození-poskytovatele-bezúplatného-plnění-fyzická-osoba,má vlastnost,1
247/1995/pojem/poskytovatel-bezúplatného-plnění-fyzická-osoba,247/1995/pojem/jméno-poskytovatele-bezúplatného-plnění-fyzická-osoba,má vlastnost,1
247/1995/pojem/poskytovatel-bezúplatného-plnění-fyzická-osoba,247/1995/pojem/přijmení-poskytovatele-bezúplatného-plnění-fyzická-osoba,má vlastnost,1
247/1995/pojem/poskytovatel-bezúplatného-plnění-právnická-osoba,247/1995/pojem/identifikační-číslo-poskytovatele-bezúplatného-plnění-právnická-osoba,má vlastnost,1
247/1995/pojem/poskytovatel-bezúplatného-plnění-právnická-osoba,247/1995/pojem/název-poskytovatele-bezúplatného-plnění-právnická-osoba,má vlastnost,1
247/1995/pojem/poskytovatel-peněžních-prostředků-fyzická-osoba,247/1995/pojem/datum-narození-poskytovatele-peněžních-prostředků-fyzická-osoba,má vlastnost,1
247/1995/pojem/poskytovatel-peněžních-prostředků-fyzická-osoba,247/1995/pojem/jméno-poskytovatele-peněžních-prostředků-fyzická-osoba,má vlastnost,1
247/1995/pojem/poskytovatel-peněžních-prostředků-fyzická-osoba,247/1995/pojem/přijmení-poskytovatele-peněžních-prostředků-fyzická-osoba,má vlastnost,1
247/1995/pojem/poskytovatel-peněžních-prostředků-právnická-osoba,247/1995/pojem/identifikační-číslo-poskytovatele-peněžních-prostředků-právnická-osoba,má vlastnost,1
247/1995/pojem/poskytovatel-peněžních-prostředků-právnická-osoba,247/1995/pojem/název-poskytovatele-peněžních-prostředků-právnická-osoba,má vlastnost,1
247/1995/pojem/poskytovatel-plnění-volební-kampaně-fyzická-osoba,247/1995/pojem/datum-jméno-poskytovatele-plnění-volební-kampaně-fyzická-osoba,má vlastnost,1
247/1995/pojem/poskytovatel-plnění-volební-kampaně-fyzická-osoba,247/1995/pojem/jméno-poskytovatele-plnění-volební-kampaně-fyzická-osoba,má vlastnost,1
247/1995/pojem/poskytovatel-plnění-volební-kampaně-fyzická-osoba,247/1995/pojem/přijmení-jméno-poskytovatele-plnění-volební-kampaně-fyzická-osoba,má vlastnost,1
247/1995/pojem/poskytovatel-plnění-volební-kampaně-právnická-osoba,247/1995/pojem/identifikační-číslo-poskytovatele-plnění-volební-kampaně-právnická-osoba,má vlastnost,1
247/1995/pojem/poskytovatel-plnění-volební-kampaně-právnická-osoba,247/1995/pojem/název-poskytovatele-plnění-volební-kampaně-právnická-osoba,má vlastnost,1
247/1995/pojem/registrovaná-třetí-osoba---fyzická-osoba,247/1995/pojem/datum-narození-registrované-třetí-osoby---fyzická-osoba,má vlastnost,1
247/1995/pojem/registrovaná-třetí-osoba---fyzická-osoba,247/1995/pojem/evidenční-číslo-registrované-třetí-osoby---fyzická-osoba,má vlastnost,1
247/1995/pojem/registrovaná-třetí-osoba---fyzická-osoba,247/1995/pojem/jméno-registrované-třetí-osoby---fyzická-osoba,má vlastnost,1
247/1995/pojem/registrovaná-třetí-osoba---fyzická-osoba,247/1995/pojem/přijmení-registrované-třetí-osoby---fyzická-osoba,má vlastnost,1
247/1995/pojem/registrovaná-třetí-osoba---fyzická-osoba,247/1995/pojem/rodné-číslo-registrované-třetí-osoby---fyzická-osoba,má vlastnost,1
247/1995/pojem/registrovaná-třetí-osoba---fyzická-osoba,247/1995/pojem/státní-občanství-registrované-třetí-osoby---fyzická-osoba,má vlastnost,1
247/1995/pojem/registrovaná-třetí-osoba---právnická-osoba,247/1995/pojem/evidenční-číslo-registrované-třetí-osoby---právnická-osoba,má vlastnost,1
247/1995/pojem/registrovaná-třetí-osoba---právnická-osoba,247/1995/pojem/identifikační-číslo-registrované-třetí-osoby---právnická-osoba,má vlastnost,1
247/1995/pojem/registrovaná-třetí-osoba---právnická-osoba,247/1995/pojem/název-registrované-třetí-osoby---právnická-osoba,má vlastnost,1
247/1995/pojem/registrovaná-třetí-osoba---právnická-osoba,247/1995/pojem/právní-forma-registrované-třetí-osoby---právnická-osoba,má vlastnost,1
247/1995/pojem/volební-koalice,247/1995/pojem/název-volební-koalice,má vlastnost,1
247/1995/pojem/volební-koalice,247/1995/pojem/složení-volební-koalice,má vlastnost,1
247/1995/pojem/volební-obvod-pro-volby-do-Senátu,247/1995/pojem/sídlo-volebního-obvodu-pro-volby-do-Senátu,má vlastnost,1
247/1995/pojem/volební-obvod-pro-volby-do-Senátu,247/1995/pojem/číslo-volebního-obvodu-pro-volby-do-Senátu,má vlastnost,1
247/1995/pojem/volební-okrsek-pro-volby-do-Parlamentu-ČR,247/1995/pojem/číslo-okrsku,má vlastnost,1
247/1995/pojem/volební-účet,247/1995/pojem/číslo-volebního-účtu,má vlastnost,1
247/1995/pojem/výdaj-na-volební-kampaň,247/1995/pojem/popis-výdaje-na-volební-kampaň,má vlastnost,1
247/1995/pojem/výdaj-na-volební-kampaň,247/1995/pojem/účel-výdaje-na-volební-kampaň,má vlastnost,1
247/1995/pojem/výdaj-na-volební-kampaň,247/1995/pojem/částka-výdaje-na-volební-kampaň,má vlastnost,1
247/1995/pojem/věřitel-fyzická-osoba,247/1995/pojem/datum-narození-věřitele-fyzická-osoba,má vlastnost,1
247/1995/pojem/věřitel-fyzická-osoba,247/1995/pojem/jméno-věřitele-fyzická-osoba,má vlastnost,1
247/1995/pojem/věřitel-fyzická-osoba,247/1995/pojem/přijmen-věřitele-fyzická-osoba,má vlastnost,1
247/1995/pojem/věřitel-právnická-osoba,247/1995/pojem/identifikační-číslo-věřitele-právnická-osoba,má vlastnost,1
247/1995/pojem/věřitel-právnická-osoba,247/1995/pojem/název-věřitele-právnická-osoba,má vlastnost,1
247/1995/pojem/zmocněnec-politické-strany-politického-hnutí-nebo-koalice,247/1995/pojem/jméno-zmocněnce-politické-strany-politického-hnutí-nebo-koalice,má vlastnost,1
247/1995/pojem/zmocněnec-politické-strany-politického-hnutí-nebo-koalice,247/1995/pojem/příjmení-zmocněnce-politické-strany-politického-hnutí-nebo-koalice,má vlastnost,1
247/1995/pojem/zápis-Státní-volební-komise-z-voleb-do-Poslanecké-sněmovny,247/1995/pojem/celkový-počet-osob-zapsaných-ve-výpisech-ze-stálých-seznamů-a-ze-zvláštních-seznamů,má vlastnost,1
247/1995/pojem/zápis-Státní-volební-komise-z-voleb-do-Poslanecké-sněmovny,"247/1995/pojem/celkový-počet-voličů,-kterým-byly-vydány-úřední-obálky",má vlastnost,1
247/1995/pojem/zápis-Státní-volební-komise-z-voleb-do-Poslanecké-sněmovny,"247/1995/pojem/počet-platných-hlasů-odevzdaných-pro-každou-politickou-stranu,-politické-hnutí-a-koalici-pro-jednotlivé-kraje",má vlastnost,1
247/1995/pojem/zápis-Státní-volební-komise-z-voleb-do-Poslanecké-sněmovny,"247/1995/pojem/počet-platných-hlasů-odevzdaných-pro-každou-politickou-stranu,-politické-hnutí-a-koalici-zvlášť",má vlastnost,1
247/1995/pojem/zápis-o-průběhu-a-výsledku-hlasování-do-Poslanecké-sněmovny,247/1995/pojem/počet-platných-hlasů-celkem,má vlastnost,1
247/1995/pojem/zápis-o-průběhu-a-výsledku-hlasování-do-Poslanecké-sněmovny,"247/1995/pojem/počet-platných-hlasů-odevzdaných-pro-každou-politickou-stranu,-politické-hnutí-nebo-koalici",má vlastnost,1
247/1995/pojem/zápis-o-průběhu-a-výsledku-hlasování-do-Poslanecké-sněmovny,"247/1995/pojem/počet-platných-přednostních-hlasů-odevzdaných-pro-jednotlivé-kandidáty-politických-stran,-politických-hnutí-a-koalic",má vlastnost,1
247/1995/pojem/zápis-o-průběhu-výsledků-hlasování-do-Senátu,247/1995/pojem/počet-platných-hlasů-celkem-pro-všechny-kandidáty,má vlastnost,1
247/1995/pojem/zápis-o-průběhu-výsledků-hlasování-do-Senátu,247/1995/pojem/počet-platných-hlasů-odevzdaných-pro-každého-kandidáta,má vlastnost,1
247/1995/pojem/zápis-o-výsledku-voleb-do-Poslanecké-sněmovny-ve-volebním-kraji,"247/1995/pojem/celkový-počet-platných-hlasů-odevzdaných-ve-volebním-kraji-pro-jednotlivé-politické-strany,-politická-hnutí-nebo-koalice",má vlastnost,1
247/1995/pojem/zápis-o-výsledku-voleb-do-Poslanecké-sněmovny-ve-volebním-kraji,247/1995/pojem/celkový-počet-platných-hlasů-ve-volebním-kraji,má vlastnost,1
247/1995/pojem/zápis-o-výsledku-voleb-do-Poslanecké-sněmovny-ve-volebním-kraji,247/1995/pojem/počet-odevzdaných-úředních-obálek-za-volební-kraj,má vlastnost,1
247/1995/pojem/zápis-o-výsledku-voleb-do-Poslanecké-sněmovny-ve-volebním-kraji,247/1995/pojem/počet-osob-ve-volebním-kraji-zapsaných-ve-výpisech-ze-stálých-seznamů-a-ze-zvláštních-seznamů,má vlastnost,1
247/1995/pojem/zápis-o-výsledku-voleb-do-Poslanecké-sněmovny-ve-volebním-kraji,247/1995/pojem/počet-přednostních-hlasů-pro-jednotlivé-kandidáty,má vlastnost,1
247/1995/pojem/zápis-o-výsledku-voleb-do-Poslanecké-sněmovny-ve-volebním-kraji,247/1995/pojem/počet-volebních-okrsků-ve-volebním-kraji,má vlastnost,1
247/1995/pojem/zápis-o-výsledku-voleb-do-Poslanecké-sněmovny-ve-volebním-kraji,"247/1995/pojem/počet-voličů-ve-volebním-kraji,-kterým-byly-vydány-úřední-obálky",má vlastnost,1
247/1995/pojem/zápis-o-výsledku-voleb-do-Senátu-ve-volebním-obvodu,247/1995/pojem/celkový-počet-platných-hlasů-odevzdaných-ve-volebním-obvodu-pro-všechny-kandidáty,má vlastnost,1
247/1995/pojem/zápis-o-výsledku-voleb-do-Senátu-ve-volebním-obvodu,247/1995/pojem/počet-odevzdaných-úředních-obálek-za-volební-obvod,má vlastnost,1
247/1995/pojem/zápis-o-výsledku-voleb-do-Senátu-ve-volebním-obvodu,"247/1995/pojem/počet-okrskových-volebních-komisí,-které-předaly-výsledek-hlasování",má vlastnost,1
247/1995/pojem/zápis-o-výsledku-voleb-do-Senátu-ve-volebním-obvodu,247/1995/pojem/počet-osob-ve-volebním-obvodu-zapsaných-ve-výpisech-ze-stálých-seznamů-a-ze-zvláštních-seznamů,má vlastnost,1
247/1995/pojem/zápis-o-výsledku-voleb-do-Senátu-ve-volebním-obvodu,247/1995/pojem/počet-volebních-okrsků-ve-volebním-obvodu,má vlastnost,1
247/1995/pojem/zápis-o-výsledku-voleb-do-Senátu-ve-volebním-obvodu,"247/1995/pojem/počet-voličů-ve-volebním-obvodu,-kterým-byly-vydány-úřední-obálky",má vlastnost,1
247/1995/pojem/zápis-o-výsledku-voleb-do-Senátu-ve-volebním-obvodu,247/1995/pojem/počet-získaných-hlasů-kandidátů-a-údaj-o-jejich-procentu-vypočtený-jako-podíl-na-celkovém-počtu-platných-hlasů-ve-volebním-obvodu,má vlastnost,1
247/1995/pojem/zápis-o-výsledku-voleb-do-Senátu-ve-volebním-obvodu,247/1995/pojem/pořadí-kandidátů-podle-počtu-získaných-platných-hlasů,má vlastnost,1
275/2012/pojem/kandidát-na-prezidenta-republiky,"275/2012/pojem/datum,-místo-a-okres-či-stát-úmrtí-kandidáta-na-prezidenta-republiky",má vlastnost,1
275/2012/pojem/kandidát-na-prezidenta-republiky,275/2012/pojem/datum-narození-kandidáta-na-prezidenta-republiky,má vlastnost,1
275/2012/pojem/kandidát-na-prezidenta-republiky,275/2012/pojem/jméno-kandidáta-na-prezidenta-republiky,má vlastnost,1
275/2012/pojem/kandidát-na-prezidenta-republiky,275/2012/pojem/pohlaví-kandidáta-na-prezidenta-republiky,má vlastnost,1
275/2012/pojem/kandidát-na-prezidenta-republiky,275/2012/pojem/pořadové-číslo-kandidáta-na-prezidenta-republiky,má vlastnost,1
275/2012/pojem/kandidát-na-prezidenta-republiky,275/2012/pojem/pořadí-kandidáta-na-prezidenta-republiky,má vlastnost,1
275/2012/pojem/kandidát-na-prezidenta-republiky,275/2012/pojem/příjmení-kandidáta-na-prezidenta-republiky,má vlastnost,1
275/2012/pojem/kandidát-na-prezidenta-republiky,275/2012/pojem/státní-občanství-kandidáta-na-prezidenta-republiky,má vlastnost,1
275/2012/pojem/kandidát-na-prezidenta-republiky,275/2012/pojem/titul-kandidáta-na-prezidenta-republiky,má vlastnost,1
275/2012/pojem/kandidát-na-prezidenta-republiky,275/2012/pojem/věk-kandidáta-na-prezidenta-republiky,má vlastnost,1
275/2012/pojem/kandidát-na-prezidenta-republiky,275/2012/pojem/čísla-elektronicky-čitelných-elektronických-dokladů-kandidáta-na-prezidenta-republiky,má vlastnost,1
275/2012/pojem/petent,275/2012/pojem/datum-narození-petenta,má vlastnost,1
275/2012/pojem/petent,275/2012/pojem/jméno-petenta,má vlastnost,1
275/2012/pojem/petent,275/2012/pojem/příjmení-petenta,má vlastnost,1
275/2012/pojem/petent,275/2012/pojem/čísla-elektronicky-čitelných-elektronických-dokladů-petenta,má vlastnost,1
275/2012/pojem/úřední-obálka,275/2012/pojem/odevzdaná-úřední-obálka,má vlastnost,1
275/2012/pojem/úřední-obálka,275/2012/pojem/vydaná-úřední-obálka,má vlastnost,1
359/2011/pojem/adresní-místo,359/2011/pojem/kód-adresního-místa,má vlastnost,1
359/2011/pojem/adresní-místo,359/2011/pojem/název-ulice,má vlastnost,1
359/2011/pojem/adresní-místo,359/2011/pojem/poštovní-směrovací-číslo,má vlastnost,1
359/2011/pojem/adresní-místo,359/2011/pojem/číslo-orientační-včetně-dodatku,má vlastnost,1
359/2011/pojem/adresní-místo,359/2011/pojem/číslo-popisné-nebo-evidenční,má vlastnost,1
424/1991/pojem/insolvenční-správce,424/1991/pojem/jméno-insolvenčního-správce,má vlastnost,1
424/1991/pojem/insolvenční-správce,424/1991/pojem/obchodní-firma,má vlastnost,1
424/1991/pojem/insolvenční-správce,424/1991/pojem/příjmení-insolvenčního-správce,má vlastnost,1
424/1991/pojem/likvidátor,424/1991/pojem/datum-narození-likvidátora,má vlastnost,1
424/1991/pojem/likvidátor,424/1991/pojem/jméno-likvidátora,má vlastnost,1
424/1991/pojem/likvidátor,424/1991/pojem/příjmení-likvidátora,má vlastnost,1
424/1991/pojem/statutární-orgán,424/1991/pojem/způsob-jednání,má vlastnost,1
424/1991/pojem/člen-statutárního-orgánu,424/1991/pojem/datum-narození-člena-statutárního-orgánu,má vlastnost,1
424/1991/pojem/člen-statutárního-orgánu,424/1991/pojem/jméno-člena-statutárního-orgánu,má vlastnost,1
424/1991/pojem/člen-statutárního-orgánu,424/1991/pojem/příjmení-člena-statutárního-orgánu,má vlastnost,1
491/2001/pojem/kandidát-pro-volby-do-zastupitelstva-obce,"491/2001/pojem/datum,-místo-a-okres-či-stát-úmrtí-kandidáta-pro-volby-do-zastupitelstev-obcí",má vlastnost,1
491/2001/pojem/kandidát-pro-volby-do-zastupitelstva-obce,491/2001/pojem/datum-narození-kandidáta-pro-volby-do-zastupitelstev-obcí,má vlastnost,1
491/2001/pojem/kandidát-pro-volby-do-zastupitelstva-obce,491/2001/pojem/jméno-kandidáta-pro-volby-do-zastupitelstev-obcí,má vlastnost,1
491/2001/pojem/kandidát-pro-volby-do-zastupitelstva-obce,491/2001/pojem/příjmení-kandidáta-pro-volby-do-zastupitelstev-obcí,má vlastnost,1
491/2001/pojem/kandidát-pro-volby-do-zastupitelstva-obce,491/2001/pojem/státní-občanství-kandidáta-pro-volby-do-zastupitelstev-obcí,má vlastnost,1
491/2001/pojem/petent,"491/2001/pojem/datum,-místo-a-okres-či-stát-úmrtí-petenta",má vlastnost,1
491/2001/pojem/petent,491/2001/pojem/datum-narození-petenta,má vlastnost,1
491/2001/pojem/petent,491/2001/pojem/jméno-petenta,má vlastnost,1
491/2001/pojem/petent,491/2001/pojem/příjmení-petenta,má vlastnost,1
491/2001/pojem/petent,491/2001/pojem/státní-občanství-petenta,má vlastnost,1
491/2001/pojem/typ-zastupitelstva-obce,491/2001/pojem/název-typu-zastupitelstva-obce,má vlastnost,1
491/2001/pojem/volební-okrsek,491/2001/pojem/datum-aktualizace,má vlastnost,1
491/2001/pojem/volební-okrsek,491/2001/pojem/datum-zániku,má vlastnost,1
491/2001/pojem/volební-okrsek,491/2001/pojem/kód-městského-obvodu/městské-části,má vlastnost,1
491/2001/pojem/volební-okrsek,491/2001/pojem/kód-obce,má vlastnost,1
491/2001/pojem/volební-okrsek,491/2001/pojem/kód-volebního-okrsku,má vlastnost,1
491/2001/pojem/volební-okrsek,491/2001/pojem/číslo-s-prefixem,má vlastnost,1
491/2001/pojem/volební-okrsek,491/2001/pojem/číslo-volebního-okrsku,má vlastnost,1
491/2001/pojem/volební-strana,491/2001/pojem/název-strany,má vlastnost,1
491/2001/pojem/úřední-obálka,491/2001/pojem/odevzdaná-obálka,má vlastnost,1
491/2001/pojem/úřední-obálka,491/2001/pojem/vydaná-obálka,má vlastnost,1
62/2003/pojem/bezúplatné-plnění-financování-volební-kampaně-ocenitelné-v-penězích,62/2003/pojem/obvyklá-cena-bezúplatného-plnění,má vlastnost,1
62/2003/pojem/bezúplatné-plnění-financování-volební-kampaně-ocenitelné-v-penězích,62/2003/pojem/popis-bezúplatného-plnění,má vlastnost,1
62/2003/pojem/kandidát-pro-volby-do-Evropského-parlamentu,62/2003/pojem/datum-narození-kandidáta-doEvropského-parlamentu,má vlastnost,1
62/2003/pojem/kandidát-pro-volby-do-Evropského-parlamentu,62/2003/pojem/jméno-kandidáta-do-Evropského-parlamentu,má vlastnost,1
62/2003/pojem/kandidát-pro-volby-do-Evropského-parlamentu,62/2003/pojem/pohlaví-kandidáta-do-Evropského-parlamentu,má vlastnost,1
62/2003/pojem/kandidát-pro-volby-do-Evropského-parlamentu,62/2003/pojem/povolání-kandidáta-do-Evropského-parlamentu,má vlastnost,1
62/2003/pojem/kandidát-pro-volby-do-Evropského-parlamentu,62/2003/pojem/přijmení-kandidáta-do-Evropského-parlamentu,má vlastnost,1
62/2003/pojem/mandát-poslance-Evropského-parlamentu,62/2003/pojem/počet-manátů-poslance-Evropského-parlamentu,má vlastnost,1
62/2003/pojem/náhradník-zmocněnce-politické-strany-politického-hnutí-nebo-koalice,62/2003/pojem/jméno-náhradníka-zmocněnce-politické-strany-politického-hnutí-nebo-koalice,má vlastnost,1
62/2003/pojem/náhradník-zmocněnce-politické-strany-politického-hnutí-nebo-koalice,62/2003/pojem/příjmení-náhradníka-zmocněnce-politické-strany-politického-hnutí-nebo-koalice,má vlastnost,1
62/2003/pojem/obec,62/2003/pojem/název-obce,má vlastnost,1
62/2003/pojem/obec,62/2003/pojem/typ-obce,má vlastnost,1
62/2003/pojem/obec,62/2003/pojem/číslo-obce,má vlastnost,1
62/2003/pojem/osoba-oprávněná-jednat-jménem-politické-strany-politického-hnutí-nebo-koalice,62/2003/pojem/funkce-osoby-oprávněné-jednat-jménem-politické-strany-politického-hnutí-nebo-koalice,má vlastnost,1
62/2003/pojem/osoba-oprávněná-jednat-jménem-politické-strany-politického-hnutí-nebo-koalice,62/2003/pojem/jméno-osoby-oprávněné-jednat-jménem-politické-strany-politického-hnutí-nebo-koalice,má vlastnost,1
62/2003/pojem/osoba-oprávněná-jednat-jménem-politické-strany-politického-hnutí-nebo-koalice,62/2003/pojem/přijmení-osoby-oprávněné-jednat-jménem-politické-strany-politického-hnutí-nebo-koalice,má vlastnost,1
62/2003/pojem/peněžní-dluh,62/2003/pojem/obvyklá-cena,má vlastnost,1
62/2003/pojem/peněžní-dluh,62/2003/pojem/závazek-plnění,má vlastnost,1
62/2003/pojem/peněžní-prostředek-na-volebním-účtě,62/2003/pojem/hodnota-peněžního-prostředku-na-volebním-účtě,má vlastnost,1
62/2003/pojem/politická-strana-politické-hnutí-nebo-koalice,62/2003/pojem/interní-kód-politické-strany-politického-hnutí-nebo-koalice,má vlastnost,1
62/2003/pojem/politická-strana-politické-hnutí-nebo-koalice,62/2003/pojem/název-politické-strany-politického-hnutí-nebo-koalice,má vlastnost,1
62/2003/pojem/politická-strana-politické-hnutí-nebo-koalice,62/2003/pojem/vylosované-číslo-politické-strany-politického-hnutí-nebo-koalice,má vlastnost,1
62/2003/pojem/poskytovatel-bezúplatného-plnění-fyzická-osoba,62/2003/pojem/datum-narození-poskytovatele-bezúplatného-plnění-fyzická-osoba,má vlastnost,1
62/2003/pojem/poskytovatel-bezúplatného-plnění-fyzická-osoba,62/2003/pojem/jméno-poskytovatele-bezúplatného-plnění-fyzická-osoba,má vlastnost,1
62/2003/pojem/poskytovatel-bezúplatného-plnění-fyzická-osoba,62/2003/pojem/přijmení-poskytovatele-bezúplatného-plnění-fyzická-osoba,má vlastnost,1
62/2003/pojem/poskytovatel-bezúplatného-plnění-právnická-osoba,62/2003/pojem/identifikační-číslo-poskytovatele-bezúplatného-plnění-právnická-osoba,má vlastnost,1
62/2003/pojem/poskytovatel-bezúplatného-plnění-právnická-osoba,62/2003/pojem/název-poskytovatele-bezúplatného-plnění-právnická-osoba,má vlastnost,1
62/2003/pojem/poskytovatel-peněžních-prostředků-fyzická-osoba,62/2003/pojem/datum-narození-poskytovatele-peněžních-prostředků-fyzická-osoba,má vlastnost,1
62/2003/pojem/poskytovatel-peněžních-prostředků-fyzická-osoba,62/2003/pojem/jméno-poskytovatele-peněžních-prostředků-fyzická-osoba,má vlastnost,1
62/2003/pojem/poskytovatel-peněžních-prostředků-fyzická-osoba,62/2003/pojem/přijmení-poskytovatele-peněžních-prostředků-fyzická-osoba,má vlastnost,1
62/2003/pojem/poskytovatel-peněžních-prostředků-právnická-osoba,62/2003/pojem/identifikační-číslo-poskytovatele-peněžních-prostředků-právnická-osoba,má vlastnost,1
62/2003/pojem/poskytovatel-peněžních-prostředků-právnická-osoba,62/2003/pojem/název-poskytovatele-peněžních-prostředků-právnická-osoba,má vlastnost,1
62/2003/pojem/poskytovatel-plnění-volební-kampaně-fyzická-osoba,62/2003/pojem/datum-jméno-poskytovatele-plnění-volební-kampaně-fyzická-osoba,má vlastnost,1
62/2003/pojem/poskytovatel-plnění-volební-kampaně-fyzická-osoba,62/2003/pojem/jméno-poskytovatele-plnění-volební-kampaně-fyzická-osoba,má vlastnost,1
62/2003/pojem/poskytovatel-plnění-volební-kampaně-fyzická-osoba,62/2003/pojem/přijmení-jméno-poskytovatele-plnění-volební-kampaně-fyzická-osoba,má vlastnost,1
62/2003/pojem/poskytovatel-plnění-volební-kampaně-právnická-osoba,62/2003/pojem/identifikační-číslo-poskytovatele-plnění-volební-kampaně-právnická-osoba,má vlastnost,1
62/2003/pojem/poskytovatel-plnění-volební-kampaně-právnická-osoba,62/2003/pojem/název-poskytovatele-plnění-volební-kampaně-právnická-osoba,má vlastnost,1
62/2003/pojem/registrovaná-třetí-osoba---fyzická-osoba,62/2003/pojem/datum-narození-registrované-třetí-osoby---fyzická-osoba,má vlastnost,1
62/2003/pojem/registrovaná-třetí-osoba---fyzická-osoba,62/2003/pojem/evidenční-číslo-registrované-třetí-osoby---fyzická-osoba,má vlastnost,1
62/2003/pojem/registrovaná-třetí-osoba---fyzická-osoba,62/2003/pojem/jméno-registrované-třetí-osoby---fyzická-osoba,má vlastnost,1
62/2003/pojem/registrovaná-třetí-osoba---fyzická-osoba,62/2003/pojem/přijmení-registrované-třetí-osoby---fyzická-osoba,má vlastnost,1
62/2003/pojem/registrovaná-třetí-osoba---fyzická-osoba,62/2003/pojem/rodné-číslo-registrované-třetí-osoby---fyzická-osoba,má vlastnost,1
62/2003/pojem/registrovaná-třetí-osoba---fyzická-osoba,62/2003/pojem/státní-občanství-registrované-třetí-osoby---fyzická-osoba,má vlastnost,1
62/2003/pojem/registrovaná-třetí-osoba---právnická-osoba,62/2003/pojem/evidenční-číslo-registrované-třetí-osoby---právnická-osoba,má vlastnost,1
62/2003/pojem/registrovaná-třetí-osoba---právnická-osoba,62/2003/pojem/identifikační-číslo-registrované-třetí-osoby---právnická-osoba,má vlastnost,1
62/2003/pojem/registrovaná-třetí-osoba---právnická-osoba,62/2003/pojem/název-registrované-třetí-osoby---právnická-osoba,má vlastnost,1
62/2003/pojem/registrovaná-třetí-osoba---právnická-osoba,62/2003/pojem/právní-forma-registrované-třetí-osoby---právnická-osoba,má vlastnost,1
62/2003/pojem/volební-koalice,62/2003/pojem/název-volební-koalice,má vlastnost,1
62/2003/pojem/volební-koalice,62/2003/pojem/složení-volební-koalice,má vlastnost,1
62/2003/pojem/volební-obvod-pro-volby-do-Evropského-parlamentu,62/2003/pojem/adresa-volebního-obvodu,má vlastnost,1
62/2003/pojem/volební-okrsek,62/2003/pojem/číslo-okrsku,má vlastnost,1
62/2003/pojem/volební-účet,62/2003/pojem/číslo-volebního-účtu,má vlastnost,1
62/2003/pojem/výdaj-na-volební-kampaň,62/2003/pojem/popis-výdaje-na-volební-kampaň,má vlastnost,1
62/2003/pojem/výdaj-na-volební-kampaň,62/2003/pojem/účel-výdaje-na-volební-kampaň,má vlastnost,1
62/2003/pojem/výdaj-na-volební-kampaň,62/2003/pojem/částka-výdaje-na-volební-kampaň,má vlastnost,1
62/2003/pojem/věřitel-fyzická-osoba,62/2003/pojem/datum-narození-věřitele-fyzická-osoba,má vlastnost,1
62/2003/pojem/věřitel-fyzická-osoba,62/2003/pojem/jméno-věřitele-fyzická-osoba,má vlastnost,1
62/2003/pojem/věřitel-fyzická-osoba,62/2003/pojem/přijmen-věřitele-fyzická-osoba,má vlastnost,1
62/2003/pojem/věřitel-právnická-osoba,62/2003/pojem/identifikační-číslo-věřitele-právnická-osoba,má vlastnost,1
62/2003/pojem/věřitel-právnická-osoba,62/2003/pojem/název-věřitele-právnická-osoba,má vlastnost,1
62/2003/pojem/zmocněnec-politické-strany-politického-hnutí-nebo-koalice,62/2003/pojem/jméno-zmocněnce-politické-strany-politického-hnutí-nebo-koalice,má vlastnost,1
62/2003/pojem/zmocněnec-politické-strany-politického-hnutí-nebo-koalice,62/2003/pojem/příjmení-zmocněnce-politické-strany-politického-hnutí-nebo-koalice,má vlastnost,1
62/2003/pojem/zápis-Státní-volební-komise-z-voleb-do-Evropského-parlamenu,62/2003/pojem/celkový-počet-osob-zapsaných-ve-výpisech-ze-seznamů-pro-volby-do-Evropského-parlamenu,má vlastnost,1
62/2003/pojem/zápis-Státní-volební-komise-z-voleb-do-Evropského-parlamenu,"62/2003/pojem/celkový-počet-voličů,-kterým-byly-vydány-úřední-obálky",má vlastnost,1
62/2003/pojem/zápis-Státní-volební-komise-z-voleb-do-Evropského-parlamenu,"62/2003/pojem/počet-platných-hlasů-odevzdaných-pro-každou-politickou-stranu,-politické-hnutí-a-koalici-zvlášť",má vlastnost,1
62/2003/pojem/zápis-Státní-volební-komise-z-voleb-do-Evropského-parlamenu,"62/2003/pojem/údaj-o-počtu-odevzdaných-úředních-obálek,",má vlastnost,1
62/2003/pojem/zápis-o-průběhu-a-výsledku-hlasování-do-Evropského-parlamentu-ve-volebním-okrsku,62/2003/pojem/celkový-počet-osob-ve-volebním-okrsku-zapsaných-do-výpisu-ze-seznamu-pro-volby-do-Evropského-parlamenu,má vlastnost,1
62/2003/pojem/zápis-o-průběhu-a-výsledku-hlasování-do-Evropského-parlamentu-ve-volebním-okrsku,62/2003/pojem/počet-odevzdaných-úředních-obálek,má vlastnost,1
62/2003/pojem/zápis-o-průběhu-a-výsledku-hlasování-do-Evropského-parlamentu-ve-volebním-okrsku,62/2003/pojem/počet-platných-hlasů-celkem,má vlastnost,1
62/2003/pojem/zápis-o-průběhu-a-výsledku-hlasování-do-Evropského-parlamentu-ve-volebním-okrsku,"62/2003/pojem/počet-platných-hlasů-odevzdaných-pro-každou-politickou-stranu,-politické-hnutí-nebo-koalici",má vlastnost,1
62/2003/pojem/zápis-o-průběhu-a-výsledku-hlasování-do-Evropského-parlamentu-ve-volebním-okrsku,62/2003/pojem/počet-platných-přednostních-hlasů-odevzdaných-pro-jednotlivé-kandidáty,má vlastnost,1
62/2003/pojem/zápis-o-průběhu-a-výsledku-hlasování-do-Evropského-parlamentu-ve-volebním-okrsku,"62/2003/pojem/počet-voličů,-kterým-byly-vydány-úřední-obálky",má vlastnost,1
62/2003/pojem/zápis-o-průběhu-a-výsledku-hlasování-do-Evropského-parlamentu-ve-volebním-okrsku,62/2003/pojem/počátek-hlasování,má vlastnost,1
62/2003/pojem/zápis-o-průběhu-a-výsledku-hlasování-do-Evropského-parlamentu-ve-volebním-okrsku,62/2003/pojem/ukončení-hlasování,má vlastnost,1
247/1995/pojem/volební-kraj,"247/1995/pojem/název-volebního-kraje,",má vlastnost,1
247/1995/pojem/volební-kraj,247/1995/pojem/číslo-volebního-kraje,má vlastnost,1
111/2009/pojem/fyzická-osoba,111/2009/pojem/identifikátor-datové-schránky,má vlastnost,1
111/2009/pojem/fyzická-osoba,111/2009/pojem/typ-datové-schránky,má vlastnost,1
111/2009/pojem/osoba,111/2009/pojem/identifikátor-datové-schránky,má vlastnost,1
111/2009/pojem/osoba,111/2009/pojem/typ-datové-schránky,má vlastnost,1
111/2009/pojem/územní-prvek,111/2009/pojem/kód-části-obce,má vlastnost,1
111/2009/pojem/územní-prvek,111/2009/pojem/název-části-obce,má vlastnost,1
130/2000/pojem/koalice,130/2000/pojem/kandidující-strana,má vlastnost,1
130/2000/pojem/koalice,"130/2000/pojem/název-politické-strany,-hnutí-nebo-koalice",má vlastnost,1
130/2000/pojem/politická-strana,130/2000/pojem/kandidující-strana,má vlastnost,1
130/2000/pojem/politická-strana,"130/2000/pojem/název-politické-strany,-hnutí-nebo-koalice",má vlastnost,1
130/2000/pojem/politické-hnutí,130/2000/pojem/kandidující-strana,má vlastnost,1
130/2000/pojem/politické-hnutí,"130/2000/pojem/název-politické-strany,-hnutí-nebo-koalice",má vlastnost,1
247/1995/pojem/zápis-o-průběhu-a-výsledku-hlasování-do-Poslanecké-sněmovny,247/1995/pojem/celkový-počet-osob-ve-volebním-okrsku-zapsaných-do-výpisu-ze-stálého-seznamu-a-do-výpisu-ze-zvláštního-seznamu,má vlastnost,1
247/1995/pojem/zápis-o-průběhu-a-výsledku-hlasování-do-Poslanecké-sněmovny,247/1995/pojem/počet-odevzdaných-úředních-obálek,má vlastnost,1
247/1995/pojem/zápis-o-průběhu-a-výsledku-hlasování-do-Poslanecké-sněmovny,"247/1995/pojem/počet-voličů,-kterým-byly-vydány-úřední-obálky",má vlastnost,1
247/1995/pojem/zápis-o-průběhu-a-výsledku-hlasování-do-Poslanecké-sněmovny,247/1995/pojem/počátek-hlasování,má vlastnost,1
247/1995/pojem/zápis-o-průběhu-a-výsledku-hlasování-do-Poslanecké-sněmovny,247/1995/pojem/ukončení-hlasování,má vlastnost,1
247/1995/pojem/zápis-o-průběhu-výsledků-hlasování-do-Senátu,247/1995/pojem/celkový-počet-osob-ve-volebním-okrsku-zapsaných-do-výpisu-ze-stálého-seznamu-a-do-výpisu-ze-zvláštního-seznamu,má vlastnost,1
247/1995/pojem/zápis-o-průběhu-výsledků-hlasování-do-Senátu,247/1995/pojem/počet-odevzdaných-úředních-obálek,má vlastnost,1
247/1995/pojem/zápis-o-průběhu-výsledků-hlasování-do-Senátu,"247/1995/pojem/počet-voličů,-kterým-byly-vydány-úřední-obálky",má vlastnost,1
247/1995/pojem/zápis-o-průběhu-výsledků-hlasování-do-Senátu,247/1995/pojem/počátek-hlasování,má vlastnost,1
247/1995/pojem/zápis-o-průběhu-výsledků-hlasování-do-Senátu,247/1995/pojem/ukončení-hlasování,má vlastnost,1
424/1991/pojem/politická-strana,424/1991/pojem/(datum)-pozastavení-činnosti,má vlastnost,1
424/1991/pojem/politická-strana,424/1991/pojem/(datum)-zrušení-strany-a-hnutí,má vlastnost,1
424/1991/pojem/politická-strana,424/1991/pojem/(den)-zániku-strany-a-hnutí,má vlastnost,1
424/1991/pojem/politická-strana,424/1991/pojem/IČO,má vlastnost,1
424/1991/pojem/politická-strana,"424/1991/pojem/bankovní-účet-politické-strany,-hnutí,-institutu",má vlastnost,1
424/1991/pojem/politická-strana,424/1991/pojem/den-registrace,má vlastnost,1
424/1991/pojem/politická-strana,424/1991/pojem/internetová-adresa-zvláštního-účtu,má vlastnost,1
424/1991/pojem/politická-strana,424/1991/pojem/název-strany-a-hnutí,má vlastnost,1
424/1991/pojem/politická-strana,424/1991/pojem/právní-důvod-výmazu,má vlastnost,1
424/1991/pojem/politická-strana,"424/1991/pojem/rozhodnutí,-jímž-se-insolvenční-řízení-končí",má vlastnost,1
424/1991/pojem/politická-strana,424/1991/pojem/rozhodnutí-a-způsob-řešení-úpadku,má vlastnost,1
424/1991/pojem/politická-strana,424/1991/pojem/rozhodnutí-o-úpadku,má vlastnost,1
424/1991/pojem/politická-strana,424/1991/pojem/vstup-do-likvidace,má vlastnost,1
424/1991/pojem/politická-strana,424/1991/pojem/zkratka-strany-a-hnutí,má vlastnost,1
424/1991/pojem/politická-strana,424/1991/pojem/zvláštní-účet,má vlastnost,1
424/1991/pojem/politická-strana,424/1991/pojem/záhájení-insolvenčního-řízení,má vlastnost,1
424/1991/pojem/politická-strana,424/1991/pojem/číslo-registrace,má vlastnost,1
424/1991/pojem/politické-hnutí,424/1991/pojem/(datum)-pozastavení-činnosti,má vlastnost,1
424/1991/pojem/politické-hnutí,424/1991/pojem/(datum)-zrušení-strany-a-hnutí,má vlastnost,1
424/1991/pojem/politické-hnutí,424/1991/pojem/(den)-zániku-strany-a-hnutí,má vlastnost,1
424/1991/pojem/politické-hnutí,424/1991/pojem/IČO,má vlastnost,1
424/1991/pojem/politické-hnutí,"424/1991/pojem/bankovní-účet-politické-strany,-hnutí,-institutu",má vlastnost,1
424/1991/pojem/politické-hnutí,424/1991/pojem/den-registrace,má vlastnost,1
424/1991/pojem/politické-hnutí,424/1991/pojem/internetová-adresa-zvláštního-účtu,má vlastnost,1
424/1991/pojem/politické-hnutí,424/1991/pojem/název-strany-a-hnutí,má vlastnost,1
424/1991/pojem/politické-hnutí,424/1991/pojem/právní-důvod-výmazu,má vlastnost,1
424/1991/pojem/politické-hnutí,"424/1991/pojem/rozhodnutí,-jímž-se-insolvenční-řízení-končí",má vlastnost,1
424/1991/pojem/politické-hnutí,424/1991/pojem/rozhodnutí-a-způsob-řešení-úpadku,má vlastnost,1
424/1991/pojem/politické-hnutí,424/1991/pojem/rozhodnutí-o-úpadku,má vlastnost,1
424/1991/pojem/politické-hnutí,424/1991/pojem/vstup-do-likvidace,má vlastnost,1
424/1991/pojem/politické-hnutí,424/1991/pojem/zkratka-strany-a-hnutí,má vlastnost,1
424/1991/pojem/politické-hnutí,424/1991/pojem/zvláštní-účet,má vlastnost,1
424/1991/pojem/politické-hnutí,424/1991/pojem/záhájení-insolvenčního-řízení,má vlastnost,1
424/1991/pojem/politické-hnutí,424/1991/pojem/číslo-registrace,má vlastnost,1
424/1991/pojem/politický-institut,"424/1991/pojem/bankovní-účet-politické-strany,-hnutí,-institutu",má vlastnost,1
424/1991/pojem/politický-institut,424/1991/pojem/internetová-adresa-zvláštního-účtu,má vlastnost,1
424/1991/pojem/politický-institut,424/1991/pojem/zvláštní-účet,má vlastnost,1
62/2003/pojem/kandidát-pro-volby-do-Evropského-parlamentu,62/2003/pojem/pořadí-kandidáta-na-kandidátní-listině,má vlastnost,1
62/2003/pojem/kandidátní-listina-pro-volby-do-Evropského-parlamentu,62/2003/pojem/pořadí-kandidáta-na-kandidátní-listině,má vlastnost,1
111/2009/pojem/má-adresu,111/2009/pojem/fyzická-osoba,má zdrojového účastníka,1
111/2009/pojem/má-adresu-doručování,111/2009/pojem/fyzická-osoba,má zdrojového účastníka,1
111/2009/pojem/má-místo-narození,111/2009/pojem/fyzická-osoba,má zdrojového účastníka,1
111/2009/pojem/má-místo-úmrtí,111/2009/pojem/fyzická-osoba,má zdrojového účastníka,1
111/2009/pojem/má-okres-narození,111/2009/pojem/fyzická-osoba,má zdrojového účastníka,1
111/2009/pojem/má-okres-úmrtí,111/2009/pojem/fyzická-osoba,má zdrojového účastníka,1
111/2009/pojem/má-adresu-místa-pobytu,111/2009/pojem/osoba,má zdrojového účastníka,1
111/2009/pojem/má-adresu-místa-provozovny,111/2009/pojem/osoba,má zdrojového účastníka,1
111/2009/pojem/má-adresu-sídla,111/2009/pojem/osoba,má zdrojového účastníka,1
111/2009/pojem/je-nadřazeným/podřazeným-prvkem,111/2009/pojem/územní-prvek,má zdrojového účastníka,1
130/2000/pojem/adresa-místa-pobytu-kandidáta-pro-volby-do-zastupitelstva-kraje,130/2000/pojem/kandidát-pro-volby-do-zastupitelstva-kraje,má zdrojového účastníka,1
130/2000/pojem/je-členem,130/2000/pojem/kandidát-pro-volby-do-zastupitelstva-kraje,má zdrojového účastníka,1
130/2000/pojem/navrhuje,130/2000/pojem/kandidát-pro-volby-do-zastupitelstva-kraje,má zdrojového účastníka,1
169/2011/pojem/představuje,169/2011/pojem/číslo-účtu,má zdrojového účastníka,1
247/1995/pojem/je-poskytováno,247/1995/pojem/bezúplatné-plnění-financování-volební-kampaně-ocenitelné-v-penězích,má zdrojového účastníka,1
247/1995/pojem/kandiduje-jako,247/1995/pojem/kandidát-pro-volby-do-Senátu,má zdrojového účastníka,1
247/1995/pojem/kandiduje-za,247/1995/pojem/kandidát-pro-volby-do-Senátu,má zdrojového účastníka,1
247/1995/pojem/čerpá-informace,247/1995/pojem/kandidátní-listina-pro-volby-do-Poslanecké-sněmovny,má zdrojového účastníka,1
247/1995/pojem/vede-pro-dané-volby,247/1995/pojem/obecní-úřad,má zdrojového účastníka,1
247/1995/pojem/eviduje-informace-o-věřiteli-při-poskytnutí-plnění-za-cenu-nižší-než-je-obvyklá,247/1995/pojem/peněžní-dluh,má zdrojového účastníka,1
247/1995/pojem/poskytuje,247/1995/pojem/peněžní-prostředek-na-volebním-účtě,má zdrojového účastníka,1
247/1995/pojem/umožňuje-financovat,247/1995/pojem/peněžní-prostředek-na-volebním-účtě,má zdrojového účastníka,1
247/1995/pojem/je-tvořena,247/1995/pojem/politická-strana-politické-hnutí-nebo-koalice,má zdrojového účastníka,1
247/1995/pojem/má-člena,247/1995/pojem/politická-strana-politické-hnutí-nebo-koalice,má zdrojového účastníka,1
247/1995/pojem/navrhuje,247/1995/pojem/politická-strana-politické-hnutí-nebo-koalice,má zdrojového účastníka,1
247/1995/pojem/podává,247/1995/pojem/politická-strana-politické-hnutí-nebo-koalice,má zdrojového účastníka,1
247/1995/pojem/eviduje,247/1995/pojem/volební-účet,má zdrojového účastníka,1
247/1995/pojem/musí-být-veden-u,247/1995/pojem/volební-účet,má zdrojového účastníka,1
247/1995/pojem/eviduje-informace-o-poskytovateli-plnění-za-cenu-nižší-než-je-obvyklá,247/1995/pojem/výdaj-na-volební-kampaň,má zdrojového účastníka,1
247/1995/pojem/zaznamenává,247/1995/pojem/zpráva-o-financování-volební-kampaně,má zdrojového účastníka,1
247/1995/pojem/zobrazuje-informace-o-zvolených-kandidátech,247/1995/pojem/zápis-Státní-volební-komise-z-voleb-do-Poslanecké-sněmovny,má zdrojového účastníka,1
247/1995/pojem/zazmamenává,247/1995/pojem/účetnictví,má zdrojového účastníka,1
275/2012/pojem/kontrola-petic,275/2012/pojem/Ministerstvo-vnitra,má zdrojového účastníka,1
275/2012/pojem/adresa-místa-pobytu-kandidáta-na-prezidenta-republiky,275/2012/pojem/kandidát-na-prezidenta-republiky,má zdrojového účastníka,1
275/2012/pojem/příslušnost-kandidáta-na-prezidenta-republiky-k-politické-straně-nebo-hnutí,275/2012/pojem/kandidát-na-prezidenta-republiky,má zdrojového účastníka,1
275/2012/pojem/adresa-místa-pobytu-petenta,275/2012/pojem/petent,má zdrojového účastníka,1
424/1991/pojem/obsahuje,424/1991/pojem/rejstřík-stran-a-hnutí,má zdrojového účastníka,1
424/1991/pojem/se-skládá,424/1991/pojem/statutární-orgán,má zdrojového účastníka,1
491/2001/pojem/adresa-místa-pobytu-kandidáta-pro-volby-do-zastupitelstev-obcí,491/2001/pojem/kandidát-pro-volby-do-zastupitelstva-obce,má zdrojového účastníka,1
491/2001/pojem/adresa-místa-pobytu-petenta,491/2001/pojem/petent,má zdrojového účastníka,1
491/2001/pojem/je-uveden-na,491/2001/pojem/volič,má zdrojového účastníka,1
62/2003/pojem/je-poskytováno,62/2003/pojem/bezúplatné-plnění-financování-volební-kampaně-ocenitelné-v-penězích,má zdrojového účastníka,1
62/2003/pojem/čerpá-informace,62/2003/pojem/kandidátní-listina-pro-volby-do-Evropského-parlamentu,má zdrojového účastníka,1
62/2003/pojem/eviduje-informace-o-věřiteli-při-poskytnutí-plnění-za-cenu-nižší-než-je-obvyklá,62/2003/pojem/peněžní-dluh,má zdrojového účastníka,1
62/2003/pojem/poskytuje,62/2003/pojem/peněžní-prostředek-na-volebním-účtě,má zdrojového účastníka,1
62/2003/pojem/umožňuje-financovat,62/2003/pojem/peněžní-prostředek-na-volebním-účtě,má zdrojového účastníka,1
62/2003/pojem/je-tvořena,62/2003/pojem/politická-strana-politické-hnutí-nebo-koalice,má zdrojového účastníka,1
62/2003/pojem/má-člena,62/2003/pojem/politická-strana-politické-hnutí-nebo-koalice,má zdrojového účastníka,1
62/2003/pojem/navrhuje,62/2003/pojem/politická-strana-politické-hnutí-nebo-koalice,má zdrojového účastníka,1
62/2003/pojem/eviduje,62/2003/pojem/volební-účet,má zdrojového účastníka,1
62/2003/pojem/musí-být-veden-u,62/2003/pojem/volební-účet,má zdrojového účastníka,1
62/2003/pojem/eviduje-informace-o-poskytovateli-plnění-za-cenu-nižší-než-je-obvyklá,62/2003/pojem/výdaj-na-volební-kampaň,má zdrojového účastníka,1
62/2003/pojem/zaznamenává,62/2003/pojem/zpráva-o-financování-volební-kampaně,má zdrojového účastníka,1
62/2003/pojem/zobrazuje-informace-o-zvolených-kandidátech,62/2003/pojem/zápis-Státní-volební-komise-z-voleb-do-Evropského-parlamenu,má zdrojového účastníka,1
62/2003/pojem/zazmamenává,62/2003/pojem/účetnictví,má zdrojového účastníka,1
111/2009/pojem/je-evidována,111/2009/pojem/osoba,má zdrojového účastníka,1
111/2009/pojem/je-evidována,111/2009/pojem/fyzická-osoba,má zdrojového účastníka,1
111/2009/pojem/je-zapsán-do,111/2009/pojem/územní-evidenční-jednotka,má zdrojového účastníka,1
111/2009/pojem/je-zapsán-do,111/2009/pojem/územní-prvek,má zdrojového účastníka,1
111/2009/pojem/má-jiný-vztah,111/2009/pojem/územní-prvek,má zdrojového účastníka,1
111/2009/pojem/má-jiný-vztah,111/2009/pojem/územní-evidenční-jednotka,má zdrojového účastníka,1
247/1995/pojem/má-povinnost-zřídit,247/1995/pojem/registrovaná-třetí-osoba---právnická-osoba,má zdrojového účastníka,1
247/1995/pojem/má-povinnost-zřídit,247/1995/pojem/politická-strana-politické-hnutí-nebo-koalice,má zdrojového účastníka,1
247/1995/pojem/má-povinnost-zřídit,247/1995/pojem/nezávislý-kandidát-pro-volby-do-senátu,má zdrojového účastníka,1
247/1995/pojem/má-povinnost-zřídit,247/1995/pojem/registrovaná-třetí-osoba---fyzická-osoba,má zdrojového účastníka,1
247/1995/pojem/má-sídlo,247/1995/pojem/registrovaná-třetí-osoba---právnická-osoba,má zdrojového účastníka,1
247/1995/pojem/má-sídlo,247/1995/pojem/poskytovatel-bezúplatného-plnění-právnická-osoba,má zdrojového účastníka,1
247/1995/pojem/má-sídlo,247/1995/pojem/věřitel-právnická-osoba,má zdrojového účastníka,1
247/1995/pojem/má-sídlo,247/1995/pojem/poskytovatel-peněžních-prostředků-právnická-osoba,má zdrojového účastníka,1
247/1995/pojem/má-trvalý-pobyt,247/1995/pojem/poskytovatel-peněžních-prostředků-fyzická-osoba,má zdrojového účastníka,1
247/1995/pojem/má-trvalý-pobyt,247/1995/pojem/registrovaná-třetí-osoba---fyzická-osoba,má zdrojového účastníka,1
247/1995/pojem/má-trvalý-pobyt,247/1995/pojem/kandidát-pro-volby-do-Poslanecké-sněmovny,má zdrojového účastníka,1
247/1995/pojem/má-trvalý-pobyt,247/1995/pojem/věřitel-fyzická-osoba,má zdrojového účastníka,1
247/1995/pojem/má-trvalý-pobyt,247/1995/pojem/náhradník-zmocněnce-politické-strany-politického-hnutí-nebo-koalice,má zdrojového účastníka,1
247/1995/pojem/má-trvalý-pobyt,247/1995/pojem/poskytovatel-plnění-volební-kampaně-fyzická-osoba,má zdrojového účastníka,1
247/1995/pojem/má-trvalý-pobyt,247/1995/pojem/zmocněnec-politické-strany-politického-hnutí-nebo-koalice,má zdrojového účastníka,1
247/1995/pojem/má-trvalý-pobyt,247/1995/pojem/poskytovatel-bezúplatného-plnění-fyzická-osoba,má zdrojového účastníka,1
247/1995/pojem/má-trvalý-pobyt,247/1995/pojem/kandidát-pro-volby-do-Senátu,má zdrojového účastníka,1
247/1995/pojem/přebírá-informace,247/1995/pojem/přihláška-k-registraci-pro-volby-do-Senátu,má zdrojového účastníka,1
247/1995/pojem/přebírá-informace,247/1995/pojem/zápis-o-výsledku-voleb-do-Senátu-ve-volebním-obvodu,má zdrojového účastníka,1
247/1995/pojem/vede,247/1995/pojem/registrovaná-třetí-osoba---fyzická-osoba,má zdrojového účastníka,1
247/1995/pojem/vede,247/1995/pojem/nezávislý-kandidát-pro-volby-do-senátu,má zdrojového účastníka,1
247/1995/pojem/vede,247/1995/pojem/registrovaná-třetí-osoba---právnická-osoba,má zdrojového účastníka,1
247/1995/pojem/vede,247/1995/pojem/banka-spořitelní-a-úvěrové-družstvo-nebo-zahraniční-banka,má zdrojového účastníka,1
247/1995/pojem/vede,247/1995/pojem/politická-strana-politické-hnutí-nebo-koalice,má zdrojového účastníka,1
247/1995/pojem/zahrnuje,247/1995/pojem/financování-volební-kampaně-registrovanou-třetí-osobou,má zdrojového účastníka,1
247/1995/pojem/zahrnuje,247/1995/pojem/financování-volební-kampaně,má zdrojového účastníka,1
424/1991/pojem/(den)-registrace-změny-stanov,424/1991/pojem/politická-strana,má zdrojového účastníka,1
424/1991/pojem/(den)-registrace-změny-stanov,424/1991/pojem/politické-hnutí,má zdrojového účastníka,1
424/1991/pojem/je-řízen,424/1991/pojem/politické-hnutí,má zdrojového účastníka,1
424/1991/pojem/je-řízen,424/1991/pojem/politická-strana,má zdrojového účastníka,1
424/1991/pojem/má-adresu-místa-pobytu,424/1991/pojem/člen-statutárního-orgánu,má zdrojového účastníka,1
424/1991/pojem/má-adresu-místa-pobytu,424/1991/pojem/likvidátor,má zdrojového účastníka,1
424/1991/pojem/má-insolvenčního-správce,424/1991/pojem/politická-strana,má zdrojového účastníka,1
424/1991/pojem/má-insolvenčního-správce,424/1991/pojem/politické-hnutí,má zdrojového účastníka,1
424/1991/pojem/má-likvidátora,424/1991/pojem/politické-hnutí,má zdrojového účastníka,1
424/1991/pojem/má-likvidátora,424/1991/pojem/politická-strana,má zdrojového účastníka,1
424/1991/pojem/má-sídlo,424/1991/pojem/politické-hnutí,má zdrojového účastníka,1
424/1991/pojem/má-sídlo,424/1991/pojem/politická-strana,má zdrojového účastníka,1
424/1991/pojem/má-sídlo,424/1991/pojem/insolvenční-správce,má zdrojového účastníka,1
491/2001/pojem/je-výpisem,491/2001/pojem/dodatek-stálého-seznamu-voličů,má zdrojového účastníka,1
491/2001/pojem/je-výpisem,491/2001/pojem/stálý-seznam-voličů,má zdrojového účastníka,1
62/2003/pojem/má-povinnost-zřídit,62/2003/pojem/politická-strana-politické-hnutí-nebo-koalice,má zdrojového účastníka,1
62/2003/pojem/má-povinnost-zřídit,62/2003/pojem/registrovaná-třetí-osoba---právnická-osoba,má zdrojového účastníka,1
62/2003/pojem/má-povinnost-zřídit,62/2003/pojem/registrovaná-třetí-osoba---fyzická-osoba,má zdrojového účastníka,1
62/2003/pojem/má-sídlo,62/2003/pojem/registrovaná-třetí-osoba---právnická-osoba,má zdrojového účastníka,1
62/2003/pojem/má-sídlo,62/2003/pojem/věřitel-právnická-osoba,má zdrojového účastníka,1
62/2003/pojem/má-sídlo,62/2003/pojem/poskytovatel-bezúplatného-plnění-právnická-osoba,má zdrojového účastníka,1
62/2003/pojem/má-sídlo,62/2003/pojem/poskytovatel-peněžních-prostředků-právnická-osoba,má zdrojového účastníka,1
62/2003/pojem/má-trvalý-pobyt,62/2003/pojem/poskytovatel-bezúplatného-plnění-fyzická-osoba,má zdrojového účastníka,1
62/2003/pojem/má-trvalý-pobyt,62/2003/pojem/poskytovatel-plnění-volební-kampaně-fyzická-osoba,má zdrojového účastníka,1
62/2003/pojem/má-trvalý-pobyt,62/2003/pojem/poskytovatel-peněžních-prostředků-fyzická-osoba,má zdrojového účastníka,1
62/2003/pojem/má-trvalý-pobyt,62/2003/pojem/náhradník-zmocněnce-politické-strany-politického-hnutí-nebo-koalice,má zdrojového účastníka,1
62/2003/pojem/má-trvalý-pobyt,62/2003/pojem/registrovaná-třetí-osoba---fyzická-osoba,má zdrojového účastníka,1
62/2003/pojem/má-trvalý-pobyt,62/2003/pojem/kandidát-pro-volby-do-Evropského-parlamentu,má zdrojového účastníka,1
62/2003/pojem/má-trvalý-pobyt,62/2003/pojem/věřitel-fyzická-osoba,má zdrojového účastníka,1
62/2003/pojem/má-trvalý-pobyt,62/2003/pojem/zmocněnec-politické-strany-politického-hnutí-nebo-koalice,má zdrojového účastníka,1
62/2003/pojem/vede,62/2003/pojem/registrovaná-třetí-osoba---právnická-osoba,má zdrojového účastníka,1
62/2003/pojem/vede,62/2003/pojem/politická-strana-politické-hnutí-nebo-koalice,má zdrojového účastníka,1
62/2003/pojem/vede,62/2003/pojem/banka-spořitelní-a-úvěrové-družstvo-nebo-zahraniční-banka,má zdrojového účastníka,1
62/2003/pojem/vede,62/2003/pojem/registrovaná-třetí-osoba---fyzická-osoba,má zdrojového účastníka,1
62/2003/pojem/zahrnuje,62/2003/pojem/financování-volební-kampaně-registrovanou-třetí-osobou,má zdrojového účastníka,1
62/2003/pojem/zahrnuje,62/2003/pojem/financování-volební-kampaně,má zdrojového účastníka,1
111/2009/pojem/je-zapsán-do,111/2009/pojem/RÚIAN,má cílového účastníka,1
111/2009/pojem/má-adresu-místa-pobytu,111/2009/pojem/adresa,má cílového účastníka,1
111/2009/pojem/má-adresu-sídla,111/2009/pojem/adresa,má cílového účastníka,1
111/2009/pojem/má-adresu,111/2009/pojem/adresa-místa-pobytu,má cílového účastníka,1
111/2009/pojem/má-místo-narození,111/2009/pojem/místo-narození,má cílového účastníka,1
111/2009/pojem/má-místo-úmrtí,111/2009/pojem/místo-úmrtí,má cílového účastníka,1
111/2009/pojem/má-okres-narození,111/2009/pojem/okres-narození,má cílového účastníka,1
111/2009/pojem/má-okres-úmrtí,111/2009/pojem/okres-úmrtí,má cílového účastníka,1
247/1995/pojem/zazmamenává,247/1995/pojem/financování-volební-kampaně,má cílového účastníka,1
247/1995/pojem/zobrazuje-informace-o-zvolených-kandidátech,247/1995/pojem/kandidát-pro-volby-do-Poslanecké-sněmovny,má cílového účastníka,1
247/1995/pojem/kandiduje-jako,247/1995/pojem/nezávislý-kandidát-pro-volby-do-senátu,má cílového účastníka,1
247/1995/pojem/má-sídlo,247/1995/pojem/obec,má cílového účastníka,1
247/1995/pojem/má-trvalý-pobyt,247/1995/pojem/obec,má cílového účastníka,1
247/1995/pojem/podává,247/1995/pojem/přihláška-k-registraci-pro-volby-do-Senátu,má cílového účastníka,1
247/1995/pojem/kandiduje-za,247/1995/pojem/volební-obvod-pro-volby-do-Senátu,má cílového účastníka,1
247/1995/pojem/má-povinnost-zřídit,247/1995/pojem/volební-účet,má cílového účastníka,1
247/1995/pojem/umožňuje-financovat,247/1995/pojem/výdaj-na-volební-kampaň,má cílového účastníka,1
247/1995/pojem/vede-pro-dané-volby,247/1995/pojem/zvláštní-seznam-pro-volby-do-Parlamentu-ČR,má cílového účastníka,1
275/2012/pojem/kontrola-petic,275/2012/pojem/petice,má cílového účastníka,1
424/1991/pojem/má-insolvenčního-správce,424/1991/pojem/insolvenční-správce,má cílového účastníka,1
424/1991/pojem/má-likvidátora,424/1991/pojem/likvidátor,má cílového účastníka,1
424/1991/pojem/je-řízen,424/1991/pojem/statutární-orgán,má cílového účastníka,1
424/1991/pojem/se-skládá,424/1991/pojem/člen-statutárního-orgánu,má cílového účastníka,1
491/2001/pojem/zapisuje-do,491/2001/pojem/dodatek-stálého-seznamu-voličů,má cílového účastníka,1
491/2001/pojem/je-uveden-na,491/2001/pojem/stálý-seznam-voličů,má cílového účastníka,1
491/2001/pojem/vede,491/2001/pojem/stálý-seznam-voličů,má cílového účastníka,1
62/2003/pojem/zazmamenává,62/2003/pojem/financování-volební-kampaně,má cílového účastníka,1
62/2003/pojem/má-člena,62/2003/pojem/kandidát-pro-volby-do-Evropského-parlamentu,má cílového účastníka,1
62/2003/pojem/navrhuje,62/2003/pojem/kandidát-pro-volby-do-Evropského-parlamentu,má cílového účastníka,1
62/2003/pojem/zobrazuje-informace-o-zvolených-kandidátech,62/2003/pojem/kandidát-pro-volby-do-Evropského-parlamentu,má cílového účastníka,1
62/2003/pojem/má-sídlo,62/2003/pojem/obec,má cílového účastníka,1
62/2003/pojem/má-trvalý-pobyt,62/2003/pojem/obec,má cílového účastníka,1
62/2003/pojem/má-povinnost-zřídit,62/2003/pojem/volební-účet,má cílového účastníka,1
62/2003/pojem/umožňuje-financovat,62/2003/pojem/výdaj-na-volební-kampaň,má cílového účastníka,1
247/1995/pojem/musí-být-veden-u,247/1995/pojem/banka-spořitelní-a-úvěrové-družstvo-nebo-zahraniční-banka,má cílového účastníka,1
111/2009/pojem/je-evidována,111/2009/pojem/Registr-obyvatel,má cílového účastníka,1
130/2000/pojem/je-členem,130/2000/pojem/politická-strana,má cílového účastníka,1
130/2000/pojem/je-členem,130/2000/pojem/politické-hnutí,má cílového účastníka,1
130/2000/pojem/navrhuje,130/2000/pojem/politická-strana,má cílového účastníka,1
130/2000/pojem/navrhuje,130/2000/pojem/politické-hnutí,má cílového účastníka,1
247/1995/pojem/eviduje,247/1995/pojem/peněžní-prostředek-na-volebním-účtě,má cílového účastníka,1
247/1995/pojem/eviduje-informace-o-poskytovateli-plnění-za-cenu-nižší-než-je-obvyklá,247/1995/pojem/poskytovatel-plnění-volební-kampaně-fyzická-osoba,má cílového účastníka,1
247/1995/pojem/eviduje-informace-o-poskytovateli-plnění-za-cenu-nižší-než-je-obvyklá,247/1995/pojem/poskytovatel-plnění-volební-kampaně-právnická-osoba,má cílového účastníka,1
247/1995/pojem/eviduje-informace-o-věřiteli-při-poskytnutí-plnění-za-cenu-nižší-než-je-obvyklá,247/1995/pojem/věřitel-fyzická-osoba,má cílového účastníka,1
247/1995/pojem/eviduje-informace-o-věřiteli-při-poskytnutí-plnění-za-cenu-nižší-než-je-obvyklá,247/1995/pojem/věřitel-právnická-osoba,má cílového účastníka,1
247/1995/pojem/je-poskytováno,247/1995/pojem/poskytovatel-bezúplatného-plnění-právnická-osoba,má cílového účastníka,1
247/1995/pojem/je-poskytováno,247/1995/pojem/poskytovatel-bezúplatného-plnění-fyzická-osoba,má cílového účastníka,1
247/1995/pojem/je-tvořena,424/1991/pojem/politická-strana,má cílového účastníka,1
247/1995/pojem/je-tvořena,424/1991/pojem/politické-hnutí,má cílového účastníka,1
247/1995/pojem/je-tvořena,247/1995/pojem/volební-koalice,má cílového účastníka,1
247/1995/pojem/má-člena,247/1995/pojem/kandidát-pro-volby-do-Poslanecké-sněmovny,má cílového účastníka,1
247/1995/pojem/má-člena,247/1995/pojem/kandidát-pro-volby-do-Senátu,má cílového účastníka,1
247/1995/pojem/navrhuje,247/1995/pojem/kandidát-pro-volby-do-Poslanecké-sněmovny,má cílového účastníka,1
247/1995/pojem/navrhuje,247/1995/pojem/kandidát-pro-volby-do-Senátu,má cílového účastníka,1
247/1995/pojem/poskytuje,247/1995/pojem/poskytovatel-peněžních-prostředků-právnická-osoba,má cílového účastníka,1
247/1995/pojem/poskytuje,247/1995/pojem/poskytovatel-peněžních-prostředků-fyzická-osoba,má cílového účastníka,1
247/1995/pojem/přebírá-informace,247/1995/pojem/volební-obvod-pro-volby-do-Senátu,má cílového účastníka,1
247/1995/pojem/přebírá-informace,247/1995/pojem/zmocněnec-politické-strany-politického-hnutí-nebo-koalice,má cílového účastníka,1
247/1995/pojem/přebírá-informace,247/1995/pojem/kandidát-pro-volby-do-Senátu,má cílového účastníka,1
247/1995/pojem/přebírá-informace,247/1995/pojem/složení-volební-koalice,má cílového účastníka,1
247/1995/pojem/přebírá-informace,247/1995/pojem/politická-strana-politické-hnutí-nebo-koalice,má cílového účastníka,1
247/1995/pojem/přebírá-informace,247/1995/pojem/osoba-oprávněná-jednat-jménem-politické-strany-politického-hnutí-nebo-koalice,má cílového účastníka,1
247/1995/pojem/vede,247/1995/pojem/volební-účet,má cílového účastníka,1
247/1995/pojem/vede,247/1995/pojem/účetnictví,má cílového účastníka,1
247/1995/pojem/zahrnuje,247/1995/pojem/peněžní-dluh,má cílového účastníka,1
247/1995/pojem/zahrnuje,247/1995/pojem/peněžní-prostředek-na-volebním-účtě,má cílového účastníka,1
247/1995/pojem/zahrnuje,247/1995/pojem/bezúplatné-plnění-financování-volební-kampaně-ocenitelné-v-penězích,má cílového účastníka,1
247/1995/pojem/zahrnuje,247/1995/pojem/výdaj-na-volební-kampaň,má cílového účastníka,1
247/1995/pojem/zaznamenává,247/1995/pojem/peněžní-dluh,má cílového účastníka,1
247/1995/pojem/zaznamenává,247/1995/pojem/bezúplatné-plnění-financování-volební-kampaně-ocenitelné-v-penězích,má cílového účastníka,1
247/1995/pojem/zaznamenává,247/1995/pojem/výdaj-na-volební-kampaň,má cílového účastníka,1
247/1995/pojem/čerpá-informace,247/1995/pojem/složení-volební-koalice,má cílového účastníka,1
247/1995/pojem/čerpá-informace,247/1995/pojem/zmocněnec-politické-strany-politického-hnutí-nebo-koalice,má cílového účastníka,1
247/1995/pojem/čerpá-informace,247/1995/pojem/kandidát-pro-volby-do-Poslanecké-sněmovny,má cílového účastníka,1
247/1995/pojem/čerpá-informace,247/1995/pojem/politická-strana-politické-hnutí-nebo-koalice,má cílového účastníka,1
247/1995/pojem/čerpá-informace,247/1995/pojem/volební-kraj,má cílového účastníka,1
247/1995/pojem/čerpá-informace,247/1995/pojem/náhradník-zmocněnce-politické-strany-politického-hnutí-nebo-koalice,má cílového účastníka,1
247/1995/pojem/čerpá-informace,247/1995/pojem/osoba-oprávněná-jednat-jménem-politické-strany-politického-hnutí-nebo-koalice,má cílového účastníka,1
424/1991/pojem/má-adresu-místa-pobytu,424/1991/pojem/adresa-místa-pobytu-člena-statutárního-orgánu,má cílového účastníka,1
424/1991/pojem/má-sídlo,424/1991/pojem/sídlo-strany-a-hnutí,má cílového účastníka,1
424/1991/pojem/obsahuje,424/1991/pojem/politická-strana,má cílového účastníka,1
424/1991/pojem/obsahuje,424/1991/pojem/politické-hnutí,má cílového účastníka,1
62/2003/pojem/eviduje,62/2003/pojem/peněžní-prostředek-na-volebním-účtě,má cílového účastníka,1
62/2003/pojem/eviduje-informace-o-poskytovateli-plnění-za-cenu-nižší-než-je-obvyklá,62/2003/pojem/poskytovatel-plnění-volební-kampaně-fyzická-osoba,má cílového účastníka,1
62/2003/pojem/eviduje-informace-o-poskytovateli-plnění-za-cenu-nižší-než-je-obvyklá,62/2003/pojem/poskytovatel-plnění-volební-kampaně-právnická-osoba,má cílového účastníka,1
62/2003/pojem/eviduje-informace-o-věřiteli-při-poskytnutí-plnění-za-cenu-nižší-než-je-obvyklá,62/2003/pojem/věřitel-právnická-osoba,má cílového účastníka,1
62/2003/pojem/eviduje-informace-o-věřiteli-při-poskytnutí-plnění-za-cenu-nižší-než-je-obvyklá,62/2003/pojem/věřitel-fyzická-osoba,má cílového účastníka,1
62/2003/pojem/je-poskytováno,62/2003/pojem/poskytovatel-bezúplatného-plnění-fyzická-osoba,má cílového účastníka,1
62/2003/pojem/je-poskytováno,62/2003/pojem/poskytovatel-bezúplatného-plnění-právnická-osoba,má cílového účastníka,1
62/2003/pojem/je-tvořena,424/1991/pojem/politické-hnutí,má cílového účastníka,1
62/2003/pojem/je-tvořena,424/1991/pojem/politická-strana,má cílového účastníka,1
62/2003/pojem/je-tvořena,62/2003/pojem/volební-koalice,má cílového účastníka,1
62/2003/pojem/poskytuje,62/2003/pojem/poskytovatel-peněžních-prostředků-fyzická-osoba,má cílového účastníka,1
62/2003/pojem/poskytuje,62/2003/pojem/poskytovatel-peněžních-prostředků-právnická-osoba,má cílového účastníka,1
62/2003/pojem/vede,62/2003/pojem/účetnictví,má cílového účastníka,1
62/2003/pojem/vede,62/2003/pojem/volební-účet,má cílového účastníka,1
62/2003/pojem/zahrnuje,62/2003/pojem/peněžní-prostředek-na-volebním-účtě,má cílového účastníka,1
62/2003/pojem/zahrnuje,62/2003/pojem/bezúplatné-plnění-financování-volební-kampaně-ocenitelné-v-penězích,má cílového účastníka,1
62/2003/pojem/zahrnuje,62/2003/pojem/výdaj-na-volební-kampaň,má cílového účastníka,1
62/2003/pojem/zahrnuje,62/2003/pojem/peněžní-dluh,má cílového účastníka,1
62/2003/pojem/zaznamenává,62/2003/pojem/peněžní-dluh,má cílového účastníka,1
62/2003/pojem/zaznamenává,62/2003/pojem/bezúplatné-plnění-financování-volební-kampaně-ocenitelné-v-penězích,má cílového účastníka,1
62/2003/pojem/zaznamenává,62/2003/pojem/výdaj-na-volební-kampaň,má cílového účastníka,1
62/2003/pojem/čerpá-informace,62/2003/pojem/politická-strana-politické-hnutí-nebo-koalice,má cílového účastníka,1
62/2003/pojem/čerpá-informace,62/2003/pojem/náhradník-zmocněnce-politické-strany-politického-hnutí-nebo-koalice,má cílového účastníka,1
62/2003/pojem/čerpá-informace,62/2003/pojem/zmocněnec-politické-strany-politického-hnutí-nebo-koalice,má cílového účastníka,1
62/2003/pojem/čerpá-informace,62/2003/pojem/osoba-oprávněná-jednat-jménem-politické-strany-politického-hnutí-nebo-koalice,má cílového účastníka,1
62/2003/pojem/čerpá-informace,62/2003/pojem/kandidát-pro-volby-do-Evropského-parlamentu,má cílového účastníka,1
62/2003/pojem/čerpá-informace,62/2003/pojem/složení-volební-koalice,má cílového účastníka,1
