Id,Label,Kind
111/2009/glosář,Glosář pojmů Zákona č. 111/2009 Sb. (Zákon o základních registrech),glosář
111/2009/glosář,Glosář pojmů Zákona č. 111/2009 Sb. (Zákon o základních registrech),glosář
111/2009/glosář,Glosář pojmů Zákona č. 111/2009 Sb. (Zákon o základních registrech),glosář
111/2009/glosář,Glosář pojmů Zákona č. 111/2009 Sb. (Zákon o základních registrech),glosář
111/2009/glosář,Glosář pojmů Zákona č. 111/2009 Sb. (Zákon o základních registrech),glosář
111/2009/glosář,Glosář pojmů Zákona č. 111/2009 Sb. (Zákon o základních registrech),glosář
111/2009/glosář,Glosář pojmů Zákona č. 111/2009 Sb. (Zákon o základních registrech),glosář
111/2009/glosář,Glosář pojmů Zákona č. 111/2009 Sb. (Zákon o základních registrech),glosář
111/2009/glosář,Glosář pojmů Zákona č. 111/2009 Sb. (Zákon o základních registrech),glosář
111/2009/glosář,Glosář pojmů Zákona č. 111/2009 Sb. (Zákon o základních registrech),glosář
111/2009/glosář,Glosář pojmů Zákona č. 111/2009 Sb. (Zákon o základních registrech),glosář
111/2009/glosář,Glosář pojmů Zákona č. 111/2009 Sb. (Zákon o základních registrech),glosář
111/2009/glosář,Glosář pojmů Zákona č. 111/2009 Sb. (Zákon o základních registrech),glosář
111/2009/glosář,Glosář pojmů Zákona č. 111/2009 Sb. (Zákon o základních registrech),glosář
111/2009/glosář,Glosář pojmů Zákona č. 111/2009 Sb. (Zákon o základních registrech),glosář
111/2009/glosář,Glosář pojmů Zákona č. 111/2009 Sb. (Zákon o základních registrech),glosář
111/2009/glosář,Glosář pojmů Zákona č. 111/2009 Sb. (Zákon o základních registrech),glosář
111/2009/glosář,Glosář pojmů Zákona č. 111/2009 Sb. (Zákon o základních registrech),glosář
111/2009/glosář,Glosář pojmů Zákona č. 111/2009 Sb. (Zákon o základních registrech),glosář
111/2009/glosář,Glosář pojmů Zákona č. 111/2009 Sb. (Zákon o základních registrech),glosář
111/2009/glosář,Glosář pojmů Zákona č. 111/2009 Sb. (Zákon o základních registrech),glosář
111/2009/glosář,Glosář pojmů Zákona č. 111/2009 Sb. (Zákon o základních registrech),glosář
111/2009/glosář,Glosář pojmů Zákona č. 111/2009 Sb. (Zákon o základních registrech),glosář
111/2009/glosář,Glosář pojmů Zákona č. 111/2009 Sb. (Zákon o základních registrech),glosář
111/2009/glosář,Glosář pojmů Zákona č. 111/2009 Sb. (Zákon o základních registrech),glosář
111/2009/glosář,Glosář pojmů Zákona č. 111/2009 Sb. (Zákon o základních registrech),glosář
111/2009/glosář,Glosář pojmů Zákona č. 111/2009 Sb. (Zákon o základních registrech),glosář
111/2009/glosář,Glosář pojmů Zákona č. 111/2009 Sb. (Zákon o základních registrech),glosář
111/2009/glosář,Glosář pojmů Zákona č. 111/2009 Sb. (Zákon o základních registrech),glosář
111/2009/glosář,Glosář pojmů Zákona č. 111/2009 Sb. (Zákon o základních registrech),glosář
111/2009/glosář,Glosář pojmů Zákona č. 111/2009 Sb. (Zákon o základních registrech),glosář
111/2009/glosář,Glosář pojmů Zákona č. 111/2009 Sb. (Zákon o základních registrech),glosář
111/2009/glosář,Glosář pojmů Zákona č. 111/2009 Sb. (Zákon o základních registrech),glosář
111/2009/glosář,Glosář pojmů Zákona č. 111/2009 Sb. (Zákon o základních registrech),glosář
111/2009/glosář,Glosář pojmů Zákona č. 111/2009 Sb. (Zákon o základních registrech),glosář
111/2009/glosář,Glosář pojmů Zákona č. 111/2009 Sb. (Zákon o základních registrech),glosář
111/2009/glosář,Glosář pojmů Zákona č. 111/2009 Sb. (Zákon o základních registrech),glosář
111/2009/glosář,Glosář pojmů Zákona č. 111/2009 Sb. (Zákon o základních registrech),glosář
111/2009/glosář,Glosář pojmů Zákona č. 111/2009 Sb. (Zákon o základních registrech),glosář
111/2009/glosář,Glosář pojmů Zákona č. 111/2009 Sb. (Zákon o základních registrech),glosář
111/2009/glosář,Glosář pojmů Zákona č. 111/2009 Sb. (Zákon o základních registrech),glosář
111/2009/glosář,Glosář pojmů Zákona č. 111/2009 Sb. (Zákon o základních registrech),glosář
111/2009/glosář,Glosář pojmů Zákona č. 111/2009 Sb. (Zákon o základních registrech),glosář
111/2009/glosář,Glosář pojmů Zákona č. 111/2009 Sb. (Zákon o základních registrech),glosář
111/2009/glosář,Glosář pojmů Zákona č. 111/2009 Sb. (Zákon o základních registrech),glosář
111/2009/glosář,Glosář pojmů Zákona č. 111/2009 Sb. (Zákon o základních registrech),glosář
111/2009/glosář,Glosář pojmů Zákona č. 111/2009 Sb. (Zákon o základních registrech),glosář
111/2009/glosář,Glosář pojmů Zákona č. 111/2009 Sb. (Zákon o základních registrech),glosář
111/2009/glosář,Glosář pojmů Zákona č. 111/2009 Sb. (Zákon o základních registrech),glosář
111/2009/glosář,Glosář pojmů Zákona č. 111/2009 Sb. (Zákon o základních registrech),glosář
111/2009/glosář,Glosář pojmů Zákona č. 111/2009 Sb. (Zákon o základních registrech),glosář
111/2009/glosář,Glosář pojmů Zákona č. 111/2009 Sb. (Zákon o základních registrech),glosář
111/2009/glosář,Glosář pojmů Zákona č. 111/2009 Sb. (Zákon o základních registrech),glosář
111/2009/glosář,Glosář pojmů Zákona č. 111/2009 Sb. (Zákon o základních registrech),glosář
111/2009/glosář,Glosář pojmů Zákona č. 111/2009 Sb. (Zákon o základních registrech),glosář
111/2009/glosář,Glosář pojmů Zákona č. 111/2009 Sb. (Zákon o základních registrech),glosář
111/2009/glosář,Glosář pojmů Zákona č. 111/2009 Sb. (Zákon o základních registrech),glosář
111/2009/glosář,Glosář pojmů Zákona č. 111/2009 Sb. (Zákon o základních registrech),glosář
111/2009/glosář,Glosář pojmů Zákona č. 111/2009 Sb. (Zákon o základních registrech),glosář
111/2009/glosář,Glosář pojmů Zákona č. 111/2009 Sb. (Zákon o základních registrech),glosář
111/2009/glosář,Glosář pojmů Zákona č. 111/2009 Sb. (Zákon o základních registrech),glosář
111/2009/glosář,Glosář pojmů Zákona č. 111/2009 Sb. (Zákon o základních registrech),glosář
111/2009/glosář,Glosář pojmů Zákona č. 111/2009 Sb. (Zákon o základních registrech),glosář
111/2009/glosář,Glosář pojmů Zákona č. 111/2009 Sb. (Zákon o základních registrech),glosář
111/2009/glosář,Glosář pojmů Zákona č. 111/2009 Sb. (Zákon o základních registrech),glosář
111/2009/glosář,Glosář pojmů Zákona č. 111/2009 Sb. (Zákon o základních registrech),glosář
111/2009/glosář,Glosář pojmů Zákona č. 111/2009 Sb. (Zákon o základních registrech),glosář
111/2009/glosář,Glosář pojmů Zákona č. 111/2009 Sb. (Zákon o základních registrech),glosář
111/2009/glosář,Glosář pojmů Zákona č. 111/2009 Sb. (Zákon o základních registrech),glosář
111/2009/glosář,Glosář pojmů Zákona č. 111/2009 Sb. (Zákon o základních registrech),glosář
111/2009/glosář,Glosář pojmů Zákona č. 111/2009 Sb. (Zákon o základních registrech),glosář
111/2009/glosář,Glosář pojmů Zákona č. 111/2009 Sb. (Zákon o základních registrech),glosář
111/2009/glosář,Glosář pojmů Zákona č. 111/2009 Sb. (Zákon o základních registrech),glosář
111/2009/glosář,Glosář pojmů Zákona č. 111/2009 Sb. (Zákon o základních registrech),glosář
111/2009/glosář,Glosář pojmů Zákona č. 111/2009 Sb. (Zákon o základních registrech),glosář
111/2009/glosář,Glosář pojmů Zákona č. 111/2009 Sb. (Zákon o základních registrech),glosář
111/2009/glosář,Glosář pojmů Zákona č. 111/2009 Sb. (Zákon o základních registrech),glosář
111/2009/glosář,Glosář pojmů Zákona č. 111/2009 Sb. (Zákon o základních registrech),glosář
111/2009/glosář,Glosář pojmů Zákona č. 111/2009 Sb. (Zákon o základních registrech),glosář
111/2009/glosář,Glosář pojmů Zákona č. 111/2009 Sb. (Zákon o základních registrech),glosář
111/2009/glosář,Glosář pojmů Zákona č. 111/2009 Sb. (Zákon o základních registrech),glosář
111/2009/glosář,Glosář pojmů Zákona č. 111/2009 Sb. (Zákon o základních registrech),glosář
111/2009/glosář,Glosář pojmů Zákona č. 111/2009 Sb. (Zákon o základních registrech),glosář
111/2009/glosář,Glosář pojmů Zákona č. 111/2009 Sb. (Zákon o základních registrech),glosář
111/2009/glosář,Glosář pojmů Zákona č. 111/2009 Sb. (Zákon o základních registrech),glosář
111/2009/glosář,Glosář pojmů Zákona č. 111/2009 Sb. (Zákon o základních registrech),glosář
111/2009/glosář,Glosář pojmů Zákona č. 111/2009 Sb. (Zákon o základních registrech),glosář
111/2009/glosář,Glosář pojmů Zákona č. 111/2009 Sb. (Zákon o základních registrech),glosář
111/2009/glosář,Glosář pojmů Zákona č. 111/2009 Sb. (Zákon o základních registrech),glosář
111/2009/glosář,Glosář pojmů Zákona č. 111/2009 Sb. (Zákon o základních registrech),glosář
111/2009/glosář,Glosář pojmů Zákona č. 111/2009 Sb. (Zákon o základních registrech),glosář
111/2009/glosář,Glosář pojmů Zákona č. 111/2009 Sb. (Zákon o základních registrech),glosář
111/2009/glosář,Glosář pojmů Zákona č. 111/2009 Sb. (Zákon o základních registrech),glosář
111/2009/glosář,Glosář pojmů Zákona č. 111/2009 Sb. (Zákon o základních registrech),glosář
111/2009/glosář,Glosář pojmů Zákona č. 111/2009 Sb. (Zákon o základních registrech),glosář
111/2009/glosář,Glosář pojmů Zákona č. 111/2009 Sb. (Zákon o základních registrech),glosář
111/2009/glosář,Glosář pojmů Zákona č. 111/2009 Sb. (Zákon o základních registrech),glosář
111/2009/glosář,Glosář pojmů Zákona č. 111/2009 Sb. (Zákon o základních registrech),glosář
111/2009/glosář,Glosář pojmů Zákona č. 111/2009 Sb. (Zákon o základních registrech),glosář
111/2009/glosář,Glosář pojmů Zákona č. 111/2009 Sb. (Zákon o základních registrech),glosář
111/2009/glosář,Glosář pojmů Zákona č. 111/2009 Sb. (Zákon o základních registrech),glosář
111/2009/glosář,Glosář pojmů Zákona č. 111/2009 Sb. (Zákon o základních registrech),glosář
111/2009/glosář,Glosář pojmů Zákona č. 111/2009 Sb. (Zákon o základních registrech),glosář
111/2009/glosář,Glosář pojmů Zákona č. 111/2009 Sb. (Zákon o základních registrech),glosář
111/2009/glosář,Glosář pojmů Zákona č. 111/2009 Sb. (Zákon o základních registrech),glosář
111/2009/glosář,Glosář pojmů Zákona č. 111/2009 Sb. (Zákon o základních registrech),glosář
111/2009/glosář,Glosář pojmů Zákona č. 111/2009 Sb. (Zákon o základních registrech),glosář
111/2009/glosář,Glosář pojmů Zákona č. 111/2009 Sb. (Zákon o základních registrech),glosář
111/2009/glosář,Glosář pojmů Zákona č. 111/2009 Sb. (Zákon o základních registrech),glosář
111/2009/glosář,Glosář pojmů Zákona č. 111/2009 Sb. (Zákon o základních registrech),glosář
111/2009/glosář,Glosář pojmů Zákona č. 111/2009 Sb. (Zákon o základních registrech),glosář
111/2009/glosář,Glosář pojmů Zákona č. 111/2009 Sb. (Zákon o základních registrech),glosář
111/2009/glosář,Glosář pojmů Zákona č. 111/2009 Sb. (Zákon o základních registrech),glosář
111/2009/glosář,Glosář pojmů Zákona č. 111/2009 Sb. (Zákon o základních registrech),glosář
111/2009/glosář,Glosář pojmů Zákona č. 111/2009 Sb. (Zákon o základních registrech),glosář
111/2009/glosář,Glosář pojmů Zákona č. 111/2009 Sb. (Zákon o základních registrech),glosář
111/2009/glosář,Glosář pojmů Zákona č. 111/2009 Sb. (Zákon o základních registrech),glosář
111/2009/glosář,Glosář pojmů Zákona č. 111/2009 Sb. (Zákon o základních registrech),glosář
111/2009/glosář,Glosář pojmů Zákona č. 111/2009 Sb. (Zákon o základních registrech),glosář
111/2009/glosář,Glosář pojmů Zákona č. 111/2009 Sb. (Zákon o základních registrech),glosář
111/2009/glosář,Glosář pojmů Zákona č. 111/2009 Sb. (Zákon o základních registrech),glosář
111/2009/glosář,Glosář pojmů Zákona č. 111/2009 Sb. (Zákon o základních registrech),glosář
111/2009/glosář,Glosář pojmů Zákona č. 111/2009 Sb. (Zákon o základních registrech),glosář
111/2009/glosář,Glosář pojmů Zákona č. 111/2009 Sb. (Zákon o základních registrech),glosář
111/2009/glosář,Glosář pojmů Zákona č. 111/2009 Sb. (Zákon o základních registrech),glosář
111/2009/glosář,Glosář pojmů Zákona č. 111/2009 Sb. (Zákon o základních registrech),glosář
118/2010/glosář,Glosář pojmů Zákona č. 118/2010 Sb. (Zákon o krajském referendu a o změně některých zákonů),glosář
128/2000/glosář,Glosář pojmů Zákona č. 128/2000 Sb. (Zákon o obcích (obecní zřízení)),glosář
128/2000/glosář,Glosář pojmů Zákona č. 128/2000 Sb. (Zákon o obcích (obecní zřízení)),glosář
128/2000/glosář,Glosář pojmů Zákona č. 128/2000 Sb. (Zákon o obcích (obecní zřízení)),glosář
128/2000/glosář,Glosář pojmů Zákona č. 128/2000 Sb. (Zákon o obcích (obecní zřízení)),glosář
128/2000/glosář,Glosář pojmů Zákona č. 128/2000 Sb. (Zákon o obcích (obecní zřízení)),glosář
128/2000/glosář,Glosář pojmů Zákona č. 128/2000 Sb. (Zákon o obcích (obecní zřízení)),glosář
128/2000/glosář,Glosář pojmů Zákona č. 128/2000 Sb. (Zákon o obcích (obecní zřízení)),glosář
130/2000/glosář,Glosář pojmů Zákona č. 130/2000 Sb. (Zákon o volbách do zastupitelstev krajů a o změně některých zákonů),glosář
130/2000/glosář,Glosář pojmů Zákona č. 130/2000 Sb. (Zákon o volbách do zastupitelstev krajů a o změně některých zákonů),glosář
130/2000/glosář,Glosář pojmů Zákona č. 130/2000 Sb. (Zákon o volbách do zastupitelstev krajů a o změně některých zákonů),glosář
130/2000/glosář,Glosář pojmů Zákona č. 130/2000 Sb. (Zákon o volbách do zastupitelstev krajů a o změně některých zákonů),glosář
130/2000/glosář,Glosář pojmů Zákona č. 130/2000 Sb. (Zákon o volbách do zastupitelstev krajů a o změně některých zákonů),glosář
130/2000/glosář,Glosář pojmů Zákona č. 130/2000 Sb. (Zákon o volbách do zastupitelstev krajů a o změně některých zákonů),glosář
130/2000/glosář,Glosář pojmů Zákona č. 130/2000 Sb. (Zákon o volbách do zastupitelstev krajů a o změně některých zákonů),glosář
130/2000/glosář,Glosář pojmů Zákona č. 130/2000 Sb. (Zákon o volbách do zastupitelstev krajů a o změně některých zákonů),glosář
130/2000/glosář,Glosář pojmů Zákona č. 130/2000 Sb. (Zákon o volbách do zastupitelstev krajů a o změně některých zákonů),glosář
130/2000/glosář,Glosář pojmů Zákona č. 130/2000 Sb. (Zákon o volbách do zastupitelstev krajů a o změně některých zákonů),glosář
130/2000/glosář,Glosář pojmů Zákona č. 130/2000 Sb. (Zákon o volbách do zastupitelstev krajů a o změně některých zákonů),glosář
130/2000/glosář,Glosář pojmů Zákona č. 130/2000 Sb. (Zákon o volbách do zastupitelstev krajů a o změně některých zákonů),glosář
130/2000/glosář,Glosář pojmů Zákona č. 130/2000 Sb. (Zákon o volbách do zastupitelstev krajů a o změně některých zákonů),glosář
130/2000/glosář,Glosář pojmů Zákona č. 130/2000 Sb. (Zákon o volbách do zastupitelstev krajů a o změně některých zákonů),glosář
130/2000/glosář,Glosář pojmů Zákona č. 130/2000 Sb. (Zákon o volbách do zastupitelstev krajů a o změně některých zákonů),glosář
130/2000/glosář,Glosář pojmů Zákona č. 130/2000 Sb. (Zákon o volbách do zastupitelstev krajů a o změně některých zákonů),glosář
130/2000/glosář,Glosář pojmů Zákona č. 130/2000 Sb. (Zákon o volbách do zastupitelstev krajů a o změně některých zákonů),glosář
130/2000/glosář,Glosář pojmů Zákona č. 130/2000 Sb. (Zákon o volbách do zastupitelstev krajů a o změně některých zákonů),glosář
130/2000/glosář,Glosář pojmů Zákona č. 130/2000 Sb. (Zákon o volbách do zastupitelstev krajů a o změně některých zákonů),glosář
130/2000/glosář,Glosář pojmů Zákona č. 130/2000 Sb. (Zákon o volbách do zastupitelstev krajů a o změně některých zákonů),glosář
130/2000/glosář,Glosář pojmů Zákona č. 130/2000 Sb. (Zákon o volbách do zastupitelstev krajů a o změně některých zákonů),glosář
130/2000/glosář,Glosář pojmů Zákona č. 130/2000 Sb. (Zákon o volbách do zastupitelstev krajů a o změně některých zákonů),glosář
130/2000/glosář,Glosář pojmů Zákona č. 130/2000 Sb. (Zákon o volbách do zastupitelstev krajů a o změně některých zákonů),glosář
130/2000/glosář,Glosář pojmů Zákona č. 130/2000 Sb. (Zákon o volbách do zastupitelstev krajů a o změně některých zákonů),glosář
130/2000/glosář,Glosář pojmů Zákona č. 130/2000 Sb. (Zákon o volbách do zastupitelstev krajů a o změně některých zákonů),glosář
130/2000/glosář,Glosář pojmů Zákona č. 130/2000 Sb. (Zákon o volbách do zastupitelstev krajů a o změně některých zákonů),glosář
130/2000/glosář,Glosář pojmů Zákona č. 130/2000 Sb. (Zákon o volbách do zastupitelstev krajů a o změně některých zákonů),glosář
130/2000/glosář,Glosář pojmů Zákona č. 130/2000 Sb. (Zákon o volbách do zastupitelstev krajů a o změně některých zákonů),glosář
130/2000/glosář,Glosář pojmů Zákona č. 130/2000 Sb. (Zákon o volbách do zastupitelstev krajů a o změně některých zákonů),glosář
130/2000/glosář,Glosář pojmů Zákona č. 130/2000 Sb. (Zákon o volbách do zastupitelstev krajů a o změně některých zákonů),glosář
130/2000/glosář,Glosář pojmů Zákona č. 130/2000 Sb. (Zákon o volbách do zastupitelstev krajů a o změně některých zákonů),glosář
130/2000/glosář,Glosář pojmů Zákona č. 130/2000 Sb. (Zákon o volbách do zastupitelstev krajů a o změně některých zákonů),glosář
130/2000/glosář,Glosář pojmů Zákona č. 130/2000 Sb. (Zákon o volbách do zastupitelstev krajů a o změně některých zákonů),glosář
130/2000/glosář,Glosář pojmů Zákona č. 130/2000 Sb. (Zákon o volbách do zastupitelstev krajů a o změně některých zákonů),glosář
130/2000/glosář,Glosář pojmů Zákona č. 130/2000 Sb. (Zákon o volbách do zastupitelstev krajů a o změně některých zákonů),glosář
130/2000/glosář,Glosář pojmů Zákona č. 130/2000 Sb. (Zákon o volbách do zastupitelstev krajů a o změně některých zákonů),glosář
130/2000/glosář,Glosář pojmů Zákona č. 130/2000 Sb. (Zákon o volbách do zastupitelstev krajů a o změně některých zákonů),glosář
130/2000/glosář,Glosář pojmů Zákona č. 130/2000 Sb. (Zákon o volbách do zastupitelstev krajů a o změně některých zákonů),glosář
130/2000/glosář,Glosář pojmů Zákona č. 130/2000 Sb. (Zákon o volbách do zastupitelstev krajů a o změně některých zákonů),glosář
130/2000/glosář,Glosář pojmů Zákona č. 130/2000 Sb. (Zákon o volbách do zastupitelstev krajů a o změně některých zákonů),glosář
130/2000/glosář,Glosář pojmů Zákona č. 130/2000 Sb. (Zákon o volbách do zastupitelstev krajů a o změně některých zákonů),glosář
130/2000/glosář,Glosář pojmů Zákona č. 130/2000 Sb. (Zákon o volbách do zastupitelstev krajů a o změně některých zákonů),glosář
130/2000/glosář,Glosář pojmů Zákona č. 130/2000 Sb. (Zákon o volbách do zastupitelstev krajů a o změně některých zákonů),glosář
169/2011/glosář,Glosář pojmů Vyhlášky č. 169/2011 Sb. (Vyhláška o stanovení pravidel tvorby čísla účtu v platebním styku),glosář
169/2011/glosář,Glosář pojmů Vyhlášky č. 169/2011 Sb. (Vyhláška o stanovení pravidel tvorby čísla účtu v platebním styku),glosář
22/2004/glosář,Glosář pojmů Zákona č. 22/2004 Sb. (Zákon o místním referendu a o změně některých zákonů),glosář
22/2004/glosář,Glosář pojmů Zákona č. 22/2004 Sb. (Zákon o místním referendu a o změně některých zákonů),glosář
275/2012/glosář,Glosář pojmů Zákona č. 275/2012 Sb. (Zákon o volbě prezidenta republiky a o změně některých zákonů (zákon o volbě prezidenta republiky)),glosář
275/2012/glosář,Glosář pojmů Zákona č. 275/2012 Sb. (Zákon o volbě prezidenta republiky a o změně některých zákonů (zákon o volbě prezidenta republiky)),glosář
275/2012/glosář,Glosář pojmů Zákona č. 275/2012 Sb. (Zákon o volbě prezidenta republiky a o změně některých zákonů (zákon o volbě prezidenta republiky)),glosář
275/2012/glosář,Glosář pojmů Zákona č. 275/2012 Sb. (Zákon o volbě prezidenta republiky a o změně některých zákonů (zákon o volbě prezidenta republiky)),glosář
275/2012/glosář,Glosář pojmů Zákona č. 275/2012 Sb. (Zákon o volbě prezidenta republiky a o změně některých zákonů (zákon o volbě prezidenta republiky)),glosář
275/2012/glosář,Glosář pojmů Zákona č. 275/2012 Sb. (Zákon o volbě prezidenta republiky a o změně některých zákonů (zákon o volbě prezidenta republiky)),glosář
275/2012/glosář,Glosář pojmů Zákona č. 275/2012 Sb. (Zákon o volbě prezidenta republiky a o změně některých zákonů (zákon o volbě prezidenta republiky)),glosář
275/2012/glosář,Glosář pojmů Zákona č. 275/2012 Sb. (Zákon o volbě prezidenta republiky a o změně některých zákonů (zákon o volbě prezidenta republiky)),glosář
275/2012/glosář,Glosář pojmů Zákona č. 275/2012 Sb. (Zákon o volbě prezidenta republiky a o změně některých zákonů (zákon o volbě prezidenta republiky)),glosář
275/2012/glosář,Glosář pojmů Zákona č. 275/2012 Sb. (Zákon o volbě prezidenta republiky a o změně některých zákonů (zákon o volbě prezidenta republiky)),glosář
275/2012/glosář,Glosář pojmů Zákona č. 275/2012 Sb. (Zákon o volbě prezidenta republiky a o změně některých zákonů (zákon o volbě prezidenta republiky)),glosář
275/2012/glosář,Glosář pojmů Zákona č. 275/2012 Sb. (Zákon o volbě prezidenta republiky a o změně některých zákonů (zákon o volbě prezidenta republiky)),glosář
275/2012/glosář,Glosář pojmů Zákona č. 275/2012 Sb. (Zákon o volbě prezidenta republiky a o změně některých zákonů (zákon o volbě prezidenta republiky)),glosář
275/2012/glosář,Glosář pojmů Zákona č. 275/2012 Sb. (Zákon o volbě prezidenta republiky a o změně některých zákonů (zákon o volbě prezidenta republiky)),glosář
275/2012/glosář,Glosář pojmů Zákona č. 275/2012 Sb. (Zákon o volbě prezidenta republiky a o změně některých zákonů (zákon o volbě prezidenta republiky)),glosář
275/2012/glosář,Glosář pojmů Zákona č. 275/2012 Sb. (Zákon o volbě prezidenta republiky a o změně některých zákonů (zákon o volbě prezidenta republiky)),glosář
275/2012/glosář,Glosář pojmů Zákona č. 275/2012 Sb. (Zákon o volbě prezidenta republiky a o změně některých zákonů (zákon o volbě prezidenta republiky)),glosář
275/2012/glosář,Glosář pojmů Zákona č. 275/2012 Sb. (Zákon o volbě prezidenta republiky a o změně některých zákonů (zákon o volbě prezidenta republiky)),glosář
275/2012/glosář,Glosář pojmů Zákona č. 275/2012 Sb. (Zákon o volbě prezidenta republiky a o změně některých zákonů (zákon o volbě prezidenta republiky)),glosář
275/2012/glosář,Glosář pojmů Zákona č. 275/2012 Sb. (Zákon o volbě prezidenta republiky a o změně některých zákonů (zákon o volbě prezidenta republiky)),glosář
275/2012/glosář,Glosář pojmů Zákona č. 275/2012 Sb. (Zákon o volbě prezidenta republiky a o změně některých zákonů (zákon o volbě prezidenta republiky)),glosář
275/2012/glosář,Glosář pojmů Zákona č. 275/2012 Sb. (Zákon o volbě prezidenta republiky a o změně některých zákonů (zákon o volbě prezidenta republiky)),glosář
275/2012/glosář,Glosář pojmů Zákona č. 275/2012 Sb. (Zákon o volbě prezidenta republiky a o změně některých zákonů (zákon o volbě prezidenta republiky)),glosář
275/2012/glosář,Glosář pojmů Zákona č. 275/2012 Sb. (Zákon o volbě prezidenta republiky a o změně některých zákonů (zákon o volbě prezidenta republiky)),glosář
275/2012/glosář,Glosář pojmů Zákona č. 275/2012 Sb. (Zákon o volbě prezidenta republiky a o změně některých zákonů (zákon o volbě prezidenta republiky)),glosář
275/2012/glosář,Glosář pojmů Zákona č. 275/2012 Sb. (Zákon o volbě prezidenta republiky a o změně některých zákonů (zákon o volbě prezidenta republiky)),glosář
275/2012/glosář,Glosář pojmů Zákona č. 275/2012 Sb. (Zákon o volbě prezidenta republiky a o změně některých zákonů (zákon o volbě prezidenta republiky)),glosář
275/2012/glosář,Glosář pojmů Zákona č. 275/2012 Sb. (Zákon o volbě prezidenta republiky a o změně některých zákonů (zákon o volbě prezidenta republiky)),glosář
275/2012/glosář,Glosář pojmů Zákona č. 275/2012 Sb. (Zákon o volbě prezidenta republiky a o změně některých zákonů (zákon o volbě prezidenta republiky)),glosář
275/2012/glosář,Glosář pojmů Zákona č. 275/2012 Sb. (Zákon o volbě prezidenta republiky a o změně některých zákonů (zákon o volbě prezidenta republiky)),glosář
275/2012/glosář,Glosář pojmů Zákona č. 275/2012 Sb. (Zákon o volbě prezidenta republiky a o změně některých zákonů (zákon o volbě prezidenta republiky)),glosář
275/2012/glosář,Glosář pojmů Zákona č. 275/2012 Sb. (Zákon o volbě prezidenta republiky a o změně některých zákonů (zákon o volbě prezidenta republiky)),glosář
275/2012/glosář,Glosář pojmů Zákona č. 275/2012 Sb. (Zákon o volbě prezidenta republiky a o změně některých zákonů (zákon o volbě prezidenta republiky)),glosář
275/2012/glosář,Glosář pojmů Zákona č. 275/2012 Sb. (Zákon o volbě prezidenta republiky a o změně některých zákonů (zákon o volbě prezidenta republiky)),glosář
275/2012/glosář,Glosář pojmů Zákona č. 275/2012 Sb. (Zákon o volbě prezidenta republiky a o změně některých zákonů (zákon o volbě prezidenta republiky)),glosář
275/2012/glosář,Glosář pojmů Zákona č. 275/2012 Sb. (Zákon o volbě prezidenta republiky a o změně některých zákonů (zákon o volbě prezidenta republiky)),glosář
275/2012/glosář,Glosář pojmů Zákona č. 275/2012 Sb. (Zákon o volbě prezidenta republiky a o změně některých zákonů (zákon o volbě prezidenta republiky)),glosář
275/2012/glosář,Glosář pojmů Zákona č. 275/2012 Sb. (Zákon o volbě prezidenta republiky a o změně některých zákonů (zákon o volbě prezidenta republiky)),glosář
275/2012/glosář,Glosář pojmů Zákona č. 275/2012 Sb. (Zákon o volbě prezidenta republiky a o změně některých zákonů (zákon o volbě prezidenta republiky)),glosář
275/2012/glosář,Glosář pojmů Zákona č. 275/2012 Sb. (Zákon o volbě prezidenta republiky a o změně některých zákonů (zákon o volbě prezidenta republiky)),glosář
359/2011/glosář,"Glosář pojmů Vyhlášky č. 359/2011 Sb. (Vyhláška o základním registru územní identifikace, adres a nemovitostí)",glosář
359/2011/glosář,"Glosář pojmů Vyhlášky č. 359/2011 Sb. (Vyhláška o základním registru územní identifikace, adres a nemovitostí)",glosář
359/2011/glosář,"Glosář pojmů Vyhlášky č. 359/2011 Sb. (Vyhláška o základním registru územní identifikace, adres a nemovitostí)",glosář
359/2011/glosář,"Glosář pojmů Vyhlášky č. 359/2011 Sb. (Vyhláška o základním registru územní identifikace, adres a nemovitostí)",glosář
359/2011/glosář,"Glosář pojmů Vyhlášky č. 359/2011 Sb. (Vyhláška o základním registru územní identifikace, adres a nemovitostí)",glosář
359/2011/glosář,"Glosář pojmů Vyhlášky č. 359/2011 Sb. (Vyhláška o základním registru územní identifikace, adres a nemovitostí)",glosář
370/2017/glosář,Glosář pojmů předpisu č. 370/2017 Sb.,glosář
370/2017/glosář,Glosář pojmů předpisu č. 370/2017 Sb.,glosář
370/2017/glosář,Glosář pojmů předpisu č. 370/2017 Sb.,glosář
424/1991/glosář,Glosář pojmů Zákona č. 424/1991 Sb. (Zákon o sdružování v politických stranách a v politických hnutích),glosář
424/1991/glosář,Glosář pojmů Zákona č. 424/1991 Sb. (Zákon o sdružování v politických stranách a v politických hnutích),glosář
424/1991/glosář,Glosář pojmů Zákona č. 424/1991 Sb. (Zákon o sdružování v politických stranách a v politických hnutích),glosář
424/1991/glosář,Glosář pojmů Zákona č. 424/1991 Sb. (Zákon o sdružování v politických stranách a v politických hnutích),glosář
424/1991/glosář,Glosář pojmů Zákona č. 424/1991 Sb. (Zákon o sdružování v politických stranách a v politických hnutích),glosář
424/1991/glosář,Glosář pojmů Zákona č. 424/1991 Sb. (Zákon o sdružování v politických stranách a v politických hnutích),glosář
424/1991/glosář,Glosář pojmů Zákona č. 424/1991 Sb. (Zákon o sdružování v politických stranách a v politických hnutích),glosář
424/1991/glosář,Glosář pojmů Zákona č. 424/1991 Sb. (Zákon o sdružování v politických stranách a v politických hnutích),glosář
424/1991/glosář,Glosář pojmů Zákona č. 424/1991 Sb. (Zákon o sdružování v politických stranách a v politických hnutích),glosář
424/1991/glosář,Glosář pojmů Zákona č. 424/1991 Sb. (Zákon o sdružování v politických stranách a v politických hnutích),glosář
424/1991/glosář,Glosář pojmů Zákona č. 424/1991 Sb. (Zákon o sdružování v politických stranách a v politických hnutích),glosář
424/1991/glosář,Glosář pojmů Zákona č. 424/1991 Sb. (Zákon o sdružování v politických stranách a v politických hnutích),glosář
424/1991/glosář,Glosář pojmů Zákona č. 424/1991 Sb. (Zákon o sdružování v politických stranách a v politických hnutích),glosář
424/1991/glosář,Glosář pojmů Zákona č. 424/1991 Sb. (Zákon o sdružování v politických stranách a v politických hnutích),glosář
424/1991/glosář,Glosář pojmů Zákona č. 424/1991 Sb. (Zákon o sdružování v politických stranách a v politických hnutích),glosář
424/1991/glosář,Glosář pojmů Zákona č. 424/1991 Sb. (Zákon o sdružování v politických stranách a v politických hnutích),glosář
424/1991/glosář,Glosář pojmů Zákona č. 424/1991 Sb. (Zákon o sdružování v politických stranách a v politických hnutích),glosář
424/1991/glosář,Glosář pojmů Zákona č. 424/1991 Sb. (Zákon o sdružování v politických stranách a v politických hnutích),glosář
424/1991/glosář,Glosář pojmů Zákona č. 424/1991 Sb. (Zákon o sdružování v politických stranách a v politických hnutích),glosář
424/1991/glosář,Glosář pojmů Zákona č. 424/1991 Sb. (Zákon o sdružování v politických stranách a v politických hnutích),glosář
424/1991/glosář,Glosář pojmů Zákona č. 424/1991 Sb. (Zákon o sdružování v politických stranách a v politických hnutích),glosář
424/1991/glosář,Glosář pojmů Zákona č. 424/1991 Sb. (Zákon o sdružování v politických stranách a v politických hnutích),glosář
424/1991/glosář,Glosář pojmů Zákona č. 424/1991 Sb. (Zákon o sdružování v politických stranách a v politických hnutích),glosář
424/1991/glosář,Glosář pojmů Zákona č. 424/1991 Sb. (Zákon o sdružování v politických stranách a v politických hnutích),glosář
424/1991/glosář,Glosář pojmů Zákona č. 424/1991 Sb. (Zákon o sdružování v politických stranách a v politických hnutích),glosář
424/1991/glosář,Glosář pojmů Zákona č. 424/1991 Sb. (Zákon o sdružování v politických stranách a v politických hnutích),glosář
424/1991/glosář,Glosář pojmů Zákona č. 424/1991 Sb. (Zákon o sdružování v politických stranách a v politických hnutích),glosář
424/1991/glosář,Glosář pojmů Zákona č. 424/1991 Sb. (Zákon o sdružování v politických stranách a v politických hnutích),glosář
424/1991/glosář,Glosář pojmů Zákona č. 424/1991 Sb. (Zákon o sdružování v politických stranách a v politických hnutích),glosář
424/1991/glosář,Glosář pojmů Zákona č. 424/1991 Sb. (Zákon o sdružování v politických stranách a v politických hnutích),glosář
424/1991/glosář,Glosář pojmů Zákona č. 424/1991 Sb. (Zákon o sdružování v politických stranách a v politických hnutích),glosář
424/1991/glosář,Glosář pojmů Zákona č. 424/1991 Sb. (Zákon o sdružování v politických stranách a v politických hnutích),glosář
424/1991/glosář,Glosář pojmů Zákona č. 424/1991 Sb. (Zákon o sdružování v politických stranách a v politických hnutích),glosář
424/1991/glosář,Glosář pojmů Zákona č. 424/1991 Sb. (Zákon o sdružování v politických stranách a v politických hnutích),glosář
424/1991/glosář,Glosář pojmů Zákona č. 424/1991 Sb. (Zákon o sdružování v politických stranách a v politických hnutích),glosář
424/1991/glosář,Glosář pojmů Zákona č. 424/1991 Sb. (Zákon o sdružování v politických stranách a v politických hnutích),glosář
424/1991/glosář,Glosář pojmů Zákona č. 424/1991 Sb. (Zákon o sdružování v politických stranách a v politických hnutích),glosář
424/1991/glosář,Glosář pojmů Zákona č. 424/1991 Sb. (Zákon o sdružování v politických stranách a v politických hnutích),glosář
424/1991/glosář,Glosář pojmů Zákona č. 424/1991 Sb. (Zákon o sdružování v politických stranách a v politických hnutích),glosář
424/1991/glosář,Glosář pojmů Zákona č. 424/1991 Sb. (Zákon o sdružování v politických stranách a v politických hnutích),glosář
424/1991/glosář,Glosář pojmů Zákona č. 424/1991 Sb. (Zákon o sdružování v politických stranách a v politických hnutích),glosář
424/1991/glosář,Glosář pojmů Zákona č. 424/1991 Sb. (Zákon o sdružování v politických stranách a v politických hnutích),glosář
424/1991/glosář,Glosář pojmů Zákona č. 424/1991 Sb. (Zákon o sdružování v politických stranách a v politických hnutích),glosář
424/1991/glosář,Glosář pojmů Zákona č. 424/1991 Sb. (Zákon o sdružování v politických stranách a v politických hnutích),glosář
424/1991/glosář,Glosář pojmů Zákona č. 424/1991 Sb. (Zákon o sdružování v politických stranách a v politických hnutích),glosář
424/1991/glosář,Glosář pojmů Zákona č. 424/1991 Sb. (Zákon o sdružování v politických stranách a v politických hnutích),glosář
424/1991/glosář,Glosář pojmů Zákona č. 424/1991 Sb. (Zákon o sdružování v politických stranách a v politických hnutích),glosář
424/1991/glosář,Glosář pojmů Zákona č. 424/1991 Sb. (Zákon o sdružování v politických stranách a v politických hnutích),glosář
424/1991/glosář,Glosář pojmů Zákona č. 424/1991 Sb. (Zákon o sdružování v politických stranách a v politických hnutích),glosář
424/1991/glosář,Glosář pojmů Zákona č. 424/1991 Sb. (Zákon o sdružování v politických stranách a v politických hnutích),glosář
424/1991/glosář,Glosář pojmů Zákona č. 424/1991 Sb. (Zákon o sdružování v politických stranách a v politických hnutích),glosář
491/2001/glosář,Glosář pojmů Zákona č. 491/2001 Sb. (Zákon o volbách do zastupitelstev obcí a o změně některých zákonů),glosář
491/2001/glosář,Glosář pojmů Zákona č. 491/2001 Sb. (Zákon o volbách do zastupitelstev obcí a o změně některých zákonů),glosář
491/2001/glosář,Glosář pojmů Zákona č. 491/2001 Sb. (Zákon o volbách do zastupitelstev obcí a o změně některých zákonů),glosář
491/2001/glosář,Glosář pojmů Zákona č. 491/2001 Sb. (Zákon o volbách do zastupitelstev obcí a o změně některých zákonů),glosář
491/2001/glosář,Glosář pojmů Zákona č. 491/2001 Sb. (Zákon o volbách do zastupitelstev obcí a o změně některých zákonů),glosář
491/2001/glosář,Glosář pojmů Zákona č. 491/2001 Sb. (Zákon o volbách do zastupitelstev obcí a o změně některých zákonů),glosář
491/2001/glosář,Glosář pojmů Zákona č. 491/2001 Sb. (Zákon o volbách do zastupitelstev obcí a o změně některých zákonů),glosář
491/2001/glosář,Glosář pojmů Zákona č. 491/2001 Sb. (Zákon o volbách do zastupitelstev obcí a o změně některých zákonů),glosář
491/2001/glosář,Glosář pojmů Zákona č. 491/2001 Sb. (Zákon o volbách do zastupitelstev obcí a o změně některých zákonů),glosář
491/2001/glosář,Glosář pojmů Zákona č. 491/2001 Sb. (Zákon o volbách do zastupitelstev obcí a o změně některých zákonů),glosář
491/2001/glosář,Glosář pojmů Zákona č. 491/2001 Sb. (Zákon o volbách do zastupitelstev obcí a o změně některých zákonů),glosář
491/2001/glosář,Glosář pojmů Zákona č. 491/2001 Sb. (Zákon o volbách do zastupitelstev obcí a o změně některých zákonů),glosář
491/2001/glosář,Glosář pojmů Zákona č. 491/2001 Sb. (Zákon o volbách do zastupitelstev obcí a o změně některých zákonů),glosář
491/2001/glosář,Glosář pojmů Zákona č. 491/2001 Sb. (Zákon o volbách do zastupitelstev obcí a o změně některých zákonů),glosář
491/2001/glosář,Glosář pojmů Zákona č. 491/2001 Sb. (Zákon o volbách do zastupitelstev obcí a o změně některých zákonů),glosář
491/2001/glosář,Glosář pojmů Zákona č. 491/2001 Sb. (Zákon o volbách do zastupitelstev obcí a o změně některých zákonů),glosář
491/2001/glosář,Glosář pojmů Zákona č. 491/2001 Sb. (Zákon o volbách do zastupitelstev obcí a o změně některých zákonů),glosář
491/2001/glosář,Glosář pojmů Zákona č. 491/2001 Sb. (Zákon o volbách do zastupitelstev obcí a o změně některých zákonů),glosář
491/2001/glosář,Glosář pojmů Zákona č. 491/2001 Sb. (Zákon o volbách do zastupitelstev obcí a o změně některých zákonů),glosář
491/2001/glosář,Glosář pojmů Zákona č. 491/2001 Sb. (Zákon o volbách do zastupitelstev obcí a o změně některých zákonů),glosář
491/2001/glosář,Glosář pojmů Zákona č. 491/2001 Sb. (Zákon o volbách do zastupitelstev obcí a o změně některých zákonů),glosář
491/2001/glosář,Glosář pojmů Zákona č. 491/2001 Sb. (Zákon o volbách do zastupitelstev obcí a o změně některých zákonů),glosář
491/2001/glosář,Glosář pojmů Zákona č. 491/2001 Sb. (Zákon o volbách do zastupitelstev obcí a o změně některých zákonů),glosář
491/2001/glosář,Glosář pojmů Zákona č. 491/2001 Sb. (Zákon o volbách do zastupitelstev obcí a o změně některých zákonů),glosář
491/2001/glosář,Glosář pojmů Zákona č. 491/2001 Sb. (Zákon o volbách do zastupitelstev obcí a o změně některých zákonů),glosář
491/2001/glosář,Glosář pojmů Zákona č. 491/2001 Sb. (Zákon o volbách do zastupitelstev obcí a o změně některých zákonů),glosář
491/2001/glosář,Glosář pojmů Zákona č. 491/2001 Sb. (Zákon o volbách do zastupitelstev obcí a o změně některých zákonů),glosář
491/2001/glosář,Glosář pojmů Zákona č. 491/2001 Sb. (Zákon o volbách do zastupitelstev obcí a o změně některých zákonů),glosář
491/2001/glosář,Glosář pojmů Zákona č. 491/2001 Sb. (Zákon o volbách do zastupitelstev obcí a o změně některých zákonů),glosář
491/2001/glosář,Glosář pojmů Zákona č. 491/2001 Sb. (Zákon o volbách do zastupitelstev obcí a o změně některých zákonů),glosář
491/2001/glosář,Glosář pojmů Zákona č. 491/2001 Sb. (Zákon o volbách do zastupitelstev obcí a o změně některých zákonů),glosář
491/2001/glosář,Glosář pojmů Zákona č. 491/2001 Sb. (Zákon o volbách do zastupitelstev obcí a o změně některých zákonů),glosář
491/2001/glosář,Glosář pojmů Zákona č. 491/2001 Sb. (Zákon o volbách do zastupitelstev obcí a o změně některých zákonů),glosář
491/2001/glosář,Glosář pojmů Zákona č. 491/2001 Sb. (Zákon o volbách do zastupitelstev obcí a o změně některých zákonů),glosář
491/2001/glosář,Glosář pojmů Zákona č. 491/2001 Sb. (Zákon o volbách do zastupitelstev obcí a o změně některých zákonů),glosář
491/2001/glosář,Glosář pojmů Zákona č. 491/2001 Sb. (Zákon o volbách do zastupitelstev obcí a o změně některých zákonů),glosář
491/2001/glosář,Glosář pojmů Zákona č. 491/2001 Sb. (Zákon o volbách do zastupitelstev obcí a o změně některých zákonů),glosář
491/2001/glosář,Glosář pojmů Zákona č. 491/2001 Sb. (Zákon o volbách do zastupitelstev obcí a o změně některých zákonů),glosář
491/2001/glosář,Glosář pojmů Zákona č. 491/2001 Sb. (Zákon o volbách do zastupitelstev obcí a o změně některých zákonů),glosář
491/2001/glosář,Glosář pojmů Zákona č. 491/2001 Sb. (Zákon o volbách do zastupitelstev obcí a o změně některých zákonů),glosář
491/2001/glosář,Glosář pojmů Zákona č. 491/2001 Sb. (Zákon o volbách do zastupitelstev obcí a o změně některých zákonů),glosář
491/2001/glosář,Glosář pojmů Zákona č. 491/2001 Sb. (Zákon o volbách do zastupitelstev obcí a o změně některých zákonů),glosář
491/2001/glosář,Glosář pojmů Zákona č. 491/2001 Sb. (Zákon o volbách do zastupitelstev obcí a o změně některých zákonů),glosář
491/2001/glosář,Glosář pojmů Zákona č. 491/2001 Sb. (Zákon o volbách do zastupitelstev obcí a o změně některých zákonů),glosář
491/2001/glosář,Glosář pojmů Zákona č. 491/2001 Sb. (Zákon o volbách do zastupitelstev obcí a o změně některých zákonů),glosář
491/2001/glosář,Glosář pojmů Zákona č. 491/2001 Sb. (Zákon o volbách do zastupitelstev obcí a o změně některých zákonů),glosář
491/2001/glosář,Glosář pojmů Zákona č. 491/2001 Sb. (Zákon o volbách do zastupitelstev obcí a o změně některých zákonů),glosář
491/2001/glosář,Glosář pojmů Zákona č. 491/2001 Sb. (Zákon o volbách do zastupitelstev obcí a o změně některých zákonů),glosář
491/2001/glosář,Glosář pojmů Zákona č. 491/2001 Sb. (Zákon o volbách do zastupitelstev obcí a o změně některých zákonů),glosář
491/2001/glosář,Glosář pojmů Zákona č. 491/2001 Sb. (Zákon o volbách do zastupitelstev obcí a o změně některých zákonů),glosář
491/2001/glosář,Glosář pojmů Zákona č. 491/2001 Sb. (Zákon o volbách do zastupitelstev obcí a o změně některých zákonů),glosář
491/2001/glosář,Glosář pojmů Zákona č. 491/2001 Sb. (Zákon o volbách do zastupitelstev obcí a o změně některých zákonů),glosář
491/2001/glosář,Glosář pojmů Zákona č. 491/2001 Sb. (Zákon o volbách do zastupitelstev obcí a o změně některých zákonů),glosář
491/2001/glosář,Glosář pojmů Zákona č. 491/2001 Sb. (Zákon o volbách do zastupitelstev obcí a o změně některých zákonů),glosář
491/2001/glosář,Glosář pojmů Zákona č. 491/2001 Sb. (Zákon o volbách do zastupitelstev obcí a o změně některých zákonů),glosář
491/2001/glosář,Glosář pojmů Zákona č. 491/2001 Sb. (Zákon o volbách do zastupitelstev obcí a o změně některých zákonů),glosář
491/2001/glosář,Glosář pojmů Zákona č. 491/2001 Sb. (Zákon o volbách do zastupitelstev obcí a o změně některých zákonů),glosář
491/2001/glosář,Glosář pojmů Zákona č. 491/2001 Sb. (Zákon o volbách do zastupitelstev obcí a o změně některých zákonů),glosář
62/2003/glosář,Glosář pojmů Zákona č. 62/2003 Sb. (Zákon ze dne 18. 2. 2003 o volbách do Evropského parlamentu a o změně některých zákonů),glosář
62/2003/glosář,Glosář pojmů Zákona č. 62/2003 Sb. (Zákon ze dne 18. 2. 2003 o volbách do Evropského parlamentu a o změně některých zákonů),glosář
62/2003/glosář,Glosář pojmů Zákona č. 62/2003 Sb. (Zákon ze dne 18. 2. 2003 o volbách do Evropského parlamentu a o změně některých zákonů),glosář
62/2003/glosář,Glosář pojmů Zákona č. 62/2003 Sb. (Zákon ze dne 18. 2. 2003 o volbách do Evropského parlamentu a o změně některých zákonů),glosář
62/2003/glosář,Glosář pojmů Zákona č. 62/2003 Sb. (Zákon ze dne 18. 2. 2003 o volbách do Evropského parlamentu a o změně některých zákonů),glosář
62/2003/glosář,Glosář pojmů Zákona č. 62/2003 Sb. (Zákon ze dne 18. 2. 2003 o volbách do Evropského parlamentu a o změně některých zákonů),glosář
62/2003/glosář,Glosář pojmů Zákona č. 62/2003 Sb. (Zákon ze dne 18. 2. 2003 o volbách do Evropského parlamentu a o změně některých zákonů),glosář
62/2003/glosář,Glosář pojmů Zákona č. 62/2003 Sb. (Zákon ze dne 18. 2. 2003 o volbách do Evropského parlamentu a o změně některých zákonů),glosář
62/2003/glosář,Glosář pojmů Zákona č. 62/2003 Sb. (Zákon ze dne 18. 2. 2003 o volbách do Evropského parlamentu a o změně některých zákonů),glosář
62/2003/glosář,Glosář pojmů Zákona č. 62/2003 Sb. (Zákon ze dne 18. 2. 2003 o volbách do Evropského parlamentu a o změně některých zákonů),glosář
62/2003/glosář,Glosář pojmů Zákona č. 62/2003 Sb. (Zákon ze dne 18. 2. 2003 o volbách do Evropského parlamentu a o změně některých zákonů),glosář
62/2003/glosář,Glosář pojmů Zákona č. 62/2003 Sb. (Zákon ze dne 18. 2. 2003 o volbách do Evropského parlamentu a o změně některých zákonů),glosář
62/2003/glosář,Glosář pojmů Zákona č. 62/2003 Sb. (Zákon ze dne 18. 2. 2003 o volbách do Evropského parlamentu a o změně některých zákonů),glosář
62/2003/glosář,Glosář pojmů Zákona č. 62/2003 Sb. (Zákon ze dne 18. 2. 2003 o volbách do Evropského parlamentu a o změně některých zákonů),glosář
62/2003/glosář,Glosář pojmů Zákona č. 62/2003 Sb. (Zákon ze dne 18. 2. 2003 o volbách do Evropského parlamentu a o změně některých zákonů),glosář
62/2003/glosář,Glosář pojmů Zákona č. 62/2003 Sb. (Zákon ze dne 18. 2. 2003 o volbách do Evropského parlamentu a o změně některých zákonů),glosář
62/2003/glosář,Glosář pojmů Zákona č. 62/2003 Sb. (Zákon ze dne 18. 2. 2003 o volbách do Evropského parlamentu a o změně některých zákonů),glosář
62/2003/glosář,Glosář pojmů Zákona č. 62/2003 Sb. (Zákon ze dne 18. 2. 2003 o volbách do Evropského parlamentu a o změně některých zákonů),glosář
62/2003/glosář,Glosář pojmů Zákona č. 62/2003 Sb. (Zákon ze dne 18. 2. 2003 o volbách do Evropského parlamentu a o změně některých zákonů),glosář
62/2003/glosář,Glosář pojmů Zákona č. 62/2003 Sb. (Zákon ze dne 18. 2. 2003 o volbách do Evropského parlamentu a o změně některých zákonů),glosář
62/2003/glosář,Glosář pojmů Zákona č. 62/2003 Sb. (Zákon ze dne 18. 2. 2003 o volbách do Evropského parlamentu a o změně některých zákonů),glosář
62/2003/glosář,Glosář pojmů Zákona č. 62/2003 Sb. (Zákon ze dne 18. 2. 2003 o volbách do Evropského parlamentu a o změně některých zákonů),glosář
62/2003/glosář,Glosář pojmů Zákona č. 62/2003 Sb. (Zákon ze dne 18. 2. 2003 o volbách do Evropského parlamentu a o změně některých zákonů),glosář
62/2003/glosář,Glosář pojmů Zákona č. 62/2003 Sb. (Zákon ze dne 18. 2. 2003 o volbách do Evropského parlamentu a o změně některých zákonů),glosář
62/2003/glosář,Glosář pojmů Zákona č. 62/2003 Sb. (Zákon ze dne 18. 2. 2003 o volbách do Evropského parlamentu a o změně některých zákonů),glosář
62/2003/glosář,Glosář pojmů Zákona č. 62/2003 Sb. (Zákon ze dne 18. 2. 2003 o volbách do Evropského parlamentu a o změně některých zákonů),glosář
62/2003/glosář,Glosář pojmů Zákona č. 62/2003 Sb. (Zákon ze dne 18. 2. 2003 o volbách do Evropského parlamentu a o změně některých zákonů),glosář
62/2003/glosář,Glosář pojmů Zákona č. 62/2003 Sb. (Zákon ze dne 18. 2. 2003 o volbách do Evropského parlamentu a o změně některých zákonů),glosář
62/2003/glosář,Glosář pojmů Zákona č. 62/2003 Sb. (Zákon ze dne 18. 2. 2003 o volbách do Evropského parlamentu a o změně některých zákonů),glosář
62/2003/glosář,Glosář pojmů Zákona č. 62/2003 Sb. (Zákon ze dne 18. 2. 2003 o volbách do Evropského parlamentu a o změně některých zákonů),glosář
62/2003/glosář,Glosář pojmů Zákona č. 62/2003 Sb. (Zákon ze dne 18. 2. 2003 o volbách do Evropského parlamentu a o změně některých zákonů),glosář
62/2003/glosář,Glosář pojmů Zákona č. 62/2003 Sb. (Zákon ze dne 18. 2. 2003 o volbách do Evropského parlamentu a o změně některých zákonů),glosář
62/2003/glosář,Glosář pojmů Zákona č. 62/2003 Sb. (Zákon ze dne 18. 2. 2003 o volbách do Evropského parlamentu a o změně některých zákonů),glosář
62/2003/glosář,Glosář pojmů Zákona č. 62/2003 Sb. (Zákon ze dne 18. 2. 2003 o volbách do Evropského parlamentu a o změně některých zákonů),glosář
62/2003/glosář,Glosář pojmů Zákona č. 62/2003 Sb. (Zákon ze dne 18. 2. 2003 o volbách do Evropského parlamentu a o změně některých zákonů),glosář
62/2003/glosář,Glosář pojmů Zákona č. 62/2003 Sb. (Zákon ze dne 18. 2. 2003 o volbách do Evropského parlamentu a o změně některých zákonů),glosář
62/2003/glosář,Glosář pojmů Zákona č. 62/2003 Sb. (Zákon ze dne 18. 2. 2003 o volbách do Evropského parlamentu a o změně některých zákonů),glosář
62/2003/glosář,Glosář pojmů Zákona č. 62/2003 Sb. (Zákon ze dne 18. 2. 2003 o volbách do Evropského parlamentu a o změně některých zákonů),glosář
62/2003/glosář,Glosář pojmů Zákona č. 62/2003 Sb. (Zákon ze dne 18. 2. 2003 o volbách do Evropského parlamentu a o změně některých zákonů),glosář
62/2003/glosář,Glosář pojmů Zákona č. 62/2003 Sb. (Zákon ze dne 18. 2. 2003 o volbách do Evropského parlamentu a o změně některých zákonů),glosář
62/2003/glosář,Glosář pojmů Zákona č. 62/2003 Sb. (Zákon ze dne 18. 2. 2003 o volbách do Evropského parlamentu a o změně některých zákonů),glosář
62/2003/glosář,Glosář pojmů Zákona č. 62/2003 Sb. (Zákon ze dne 18. 2. 2003 o volbách do Evropského parlamentu a o změně některých zákonů),glosář
62/2003/glosář,Glosář pojmů Zákona č. 62/2003 Sb. (Zákon ze dne 18. 2. 2003 o volbách do Evropského parlamentu a o změně některých zákonů),glosář
62/2003/glosář,Glosář pojmů Zákona č. 62/2003 Sb. (Zákon ze dne 18. 2. 2003 o volbách do Evropského parlamentu a o změně některých zákonů),glosář
62/2003/glosář,Glosář pojmů Zákona č. 62/2003 Sb. (Zákon ze dne 18. 2. 2003 o volbách do Evropského parlamentu a o změně některých zákonů),glosář
62/2003/glosář,Glosář pojmů Zákona č. 62/2003 Sb. (Zákon ze dne 18. 2. 2003 o volbách do Evropského parlamentu a o změně některých zákonů),glosář
62/2003/glosář,Glosář pojmů Zákona č. 62/2003 Sb. (Zákon ze dne 18. 2. 2003 o volbách do Evropského parlamentu a o změně některých zákonů),glosář
62/2003/glosář,Glosář pojmů Zákona č. 62/2003 Sb. (Zákon ze dne 18. 2. 2003 o volbách do Evropského parlamentu a o změně některých zákonů),glosář
62/2003/glosář,Glosář pojmů Zákona č. 62/2003 Sb. (Zákon ze dne 18. 2. 2003 o volbách do Evropského parlamentu a o změně některých zákonů),glosář
62/2003/glosář,Glosář pojmů Zákona č. 62/2003 Sb. (Zákon ze dne 18. 2. 2003 o volbách do Evropského parlamentu a o změně některých zákonů),glosář
62/2003/glosář,Glosář pojmů Zákona č. 62/2003 Sb. (Zákon ze dne 18. 2. 2003 o volbách do Evropského parlamentu a o změně některých zákonů),glosář
62/2003/glosář,Glosář pojmů Zákona č. 62/2003 Sb. (Zákon ze dne 18. 2. 2003 o volbách do Evropského parlamentu a o změně některých zákonů),glosář
62/2003/glosář,Glosář pojmů Zákona č. 62/2003 Sb. (Zákon ze dne 18. 2. 2003 o volbách do Evropského parlamentu a o změně některých zákonů),glosář
62/2003/glosář,Glosář pojmů Zákona č. 62/2003 Sb. (Zákon ze dne 18. 2. 2003 o volbách do Evropského parlamentu a o změně některých zákonů),glosář
62/2003/glosář,Glosář pojmů Zákona č. 62/2003 Sb. (Zákon ze dne 18. 2. 2003 o volbách do Evropského parlamentu a o změně některých zákonů),glosář
62/2003/glosář,Glosář pojmů Zákona č. 62/2003 Sb. (Zákon ze dne 18. 2. 2003 o volbách do Evropského parlamentu a o změně některých zákonů),glosář
62/2003/glosář,Glosář pojmů Zákona č. 62/2003 Sb. (Zákon ze dne 18. 2. 2003 o volbách do Evropského parlamentu a o změně některých zákonů),glosář
62/2003/glosář,Glosář pojmů Zákona č. 62/2003 Sb. (Zákon ze dne 18. 2. 2003 o volbách do Evropského parlamentu a o změně některých zákonů),glosář
62/2003/glosář,Glosář pojmů Zákona č. 62/2003 Sb. (Zákon ze dne 18. 2. 2003 o volbách do Evropského parlamentu a o změně některých zákonů),glosář
62/2003/glosář,Glosář pojmů Zákona č. 62/2003 Sb. (Zákon ze dne 18. 2. 2003 o volbách do Evropského parlamentu a o změně některých zákonů),glosář
62/2003/glosář,Glosář pojmů Zákona č. 62/2003 Sb. (Zákon ze dne 18. 2. 2003 o volbách do Evropského parlamentu a o změně některých zákonů),glosář
62/2003/glosář,Glosář pojmů Zákona č. 62/2003 Sb. (Zákon ze dne 18. 2. 2003 o volbách do Evropského parlamentu a o změně některých zákonů),glosář
62/2003/glosář,Glosář pojmů Zákona č. 62/2003 Sb. (Zákon ze dne 18. 2. 2003 o volbách do Evropského parlamentu a o změně některých zákonů),glosář
62/2003/glosář,Glosář pojmů Zákona č. 62/2003 Sb. (Zákon ze dne 18. 2. 2003 o volbách do Evropského parlamentu a o změně některých zákonů),glosář
62/2003/glosář,Glosář pojmů Zákona č. 62/2003 Sb. (Zákon ze dne 18. 2. 2003 o volbách do Evropského parlamentu a o změně některých zákonů),glosář
62/2003/glosář,Glosář pojmů Zákona č. 62/2003 Sb. (Zákon ze dne 18. 2. 2003 o volbách do Evropského parlamentu a o změně některých zákonů),glosář
62/2003/glosář,Glosář pojmů Zákona č. 62/2003 Sb. (Zákon ze dne 18. 2. 2003 o volbách do Evropského parlamentu a o změně některých zákonů),glosář
62/2003/glosář,Glosář pojmů Zákona č. 62/2003 Sb. (Zákon ze dne 18. 2. 2003 o volbách do Evropského parlamentu a o změně některých zákonů),glosář
62/2003/glosář,Glosář pojmů Zákona č. 62/2003 Sb. (Zákon ze dne 18. 2. 2003 o volbách do Evropského parlamentu a o změně některých zákonů),glosář
62/2003/glosář,Glosář pojmů Zákona č. 62/2003 Sb. (Zákon ze dne 18. 2. 2003 o volbách do Evropského parlamentu a o změně některých zákonů),glosář
62/2003/glosář,Glosář pojmů Zákona č. 62/2003 Sb. (Zákon ze dne 18. 2. 2003 o volbách do Evropského parlamentu a o změně některých zákonů),glosář
62/2003/glosář,Glosář pojmů Zákona č. 62/2003 Sb. (Zákon ze dne 18. 2. 2003 o volbách do Evropského parlamentu a o změně některých zákonů),glosář
62/2003/glosář,Glosář pojmů Zákona č. 62/2003 Sb. (Zákon ze dne 18. 2. 2003 o volbách do Evropského parlamentu a o změně některých zákonů),glosář
62/2003/glosář,Glosář pojmů Zákona č. 62/2003 Sb. (Zákon ze dne 18. 2. 2003 o volbách do Evropského parlamentu a o změně některých zákonů),glosář
62/2003/glosář,Glosář pojmů Zákona č. 62/2003 Sb. (Zákon ze dne 18. 2. 2003 o volbách do Evropského parlamentu a o změně některých zákonů),glosář
62/2003/glosář,Glosář pojmů Zákona č. 62/2003 Sb. (Zákon ze dne 18. 2. 2003 o volbách do Evropského parlamentu a o změně některých zákonů),glosář
62/2003/glosář,Glosář pojmů Zákona č. 62/2003 Sb. (Zákon ze dne 18. 2. 2003 o volbách do Evropského parlamentu a o změně některých zákonů),glosář
62/2003/glosář,Glosář pojmů Zákona č. 62/2003 Sb. (Zákon ze dne 18. 2. 2003 o volbách do Evropského parlamentu a o změně některých zákonů),glosář
62/2003/glosář,Glosář pojmů Zákona č. 62/2003 Sb. (Zákon ze dne 18. 2. 2003 o volbách do Evropského parlamentu a o změně některých zákonů),glosář
62/2003/glosář,Glosář pojmů Zákona č. 62/2003 Sb. (Zákon ze dne 18. 2. 2003 o volbách do Evropského parlamentu a o změně některých zákonů),glosář
62/2003/glosář,Glosář pojmů Zákona č. 62/2003 Sb. (Zákon ze dne 18. 2. 2003 o volbách do Evropského parlamentu a o změně některých zákonů),glosář
62/2003/glosář,Glosář pojmů Zákona č. 62/2003 Sb. (Zákon ze dne 18. 2. 2003 o volbách do Evropského parlamentu a o změně některých zákonů),glosář
62/2003/glosář,Glosář pojmů Zákona č. 62/2003 Sb. (Zákon ze dne 18. 2. 2003 o volbách do Evropského parlamentu a o změně některých zákonů),glosář
62/2003/glosář,Glosář pojmů Zákona č. 62/2003 Sb. (Zákon ze dne 18. 2. 2003 o volbách do Evropského parlamentu a o změně některých zákonů),glosář
62/2003/glosář,Glosář pojmů Zákona č. 62/2003 Sb. (Zákon ze dne 18. 2. 2003 o volbách do Evropského parlamentu a o změně některých zákonů),glosář
62/2003/glosář,Glosář pojmů Zákona č. 62/2003 Sb. (Zákon ze dne 18. 2. 2003 o volbách do Evropského parlamentu a o změně některých zákonů),glosář
62/2003/glosář,Glosář pojmů Zákona č. 62/2003 Sb. (Zákon ze dne 18. 2. 2003 o volbách do Evropského parlamentu a o změně některých zákonů),glosář
62/2003/glosář,Glosář pojmů Zákona č. 62/2003 Sb. (Zákon ze dne 18. 2. 2003 o volbách do Evropského parlamentu a o změně některých zákonů),glosář
62/2003/glosář,Glosář pojmů Zákona č. 62/2003 Sb. (Zákon ze dne 18. 2. 2003 o volbách do Evropského parlamentu a o změně některých zákonů),glosář
62/2003/glosář,Glosář pojmů Zákona č. 62/2003 Sb. (Zákon ze dne 18. 2. 2003 o volbách do Evropského parlamentu a o změně některých zákonů),glosář
62/2003/glosář,Glosář pojmů Zákona č. 62/2003 Sb. (Zákon ze dne 18. 2. 2003 o volbách do Evropského parlamentu a o změně některých zákonů),glosář
62/2003/glosář,Glosář pojmů Zákona č. 62/2003 Sb. (Zákon ze dne 18. 2. 2003 o volbách do Evropského parlamentu a o změně některých zákonů),glosář
62/2003/glosář,Glosář pojmů Zákona č. 62/2003 Sb. (Zákon ze dne 18. 2. 2003 o volbách do Evropského parlamentu a o změně některých zákonů),glosář
62/2003/glosář,Glosář pojmů Zákona č. 62/2003 Sb. (Zákon ze dne 18. 2. 2003 o volbách do Evropského parlamentu a o změně některých zákonů),glosář
62/2003/glosář,Glosář pojmů Zákona č. 62/2003 Sb. (Zákon ze dne 18. 2. 2003 o volbách do Evropského parlamentu a o změně některých zákonů),glosář
62/2003/glosář,Glosář pojmů Zákona č. 62/2003 Sb. (Zákon ze dne 18. 2. 2003 o volbách do Evropského parlamentu a o změně některých zákonů),glosář
62/2003/glosář,Glosář pojmů Zákona č. 62/2003 Sb. (Zákon ze dne 18. 2. 2003 o volbách do Evropského parlamentu a o změně některých zákonů),glosář
62/2003/glosář,Glosář pojmů Zákona č. 62/2003 Sb. (Zákon ze dne 18. 2. 2003 o volbách do Evropského parlamentu a o změně některých zákonů),glosář
62/2003/glosář,Glosář pojmů Zákona č. 62/2003 Sb. (Zákon ze dne 18. 2. 2003 o volbách do Evropského parlamentu a o změně některých zákonů),glosář
62/2003/glosář,Glosář pojmů Zákona č. 62/2003 Sb. (Zákon ze dne 18. 2. 2003 o volbách do Evropského parlamentu a o změně některých zákonů),glosář
62/2003/glosář,Glosář pojmů Zákona č. 62/2003 Sb. (Zákon ze dne 18. 2. 2003 o volbách do Evropského parlamentu a o změně některých zákonů),glosář
62/2003/glosář,Glosář pojmů Zákona č. 62/2003 Sb. (Zákon ze dne 18. 2. 2003 o volbách do Evropského parlamentu a o změně některých zákonů),glosář
62/2003/glosář,Glosář pojmů Zákona č. 62/2003 Sb. (Zákon ze dne 18. 2. 2003 o volbách do Evropského parlamentu a o změně některých zákonů),glosář
62/2003/glosář,Glosář pojmů Zákona č. 62/2003 Sb. (Zákon ze dne 18. 2. 2003 o volbách do Evropského parlamentu a o změně některých zákonů),glosář
62/2003/glosář,Glosář pojmů Zákona č. 62/2003 Sb. (Zákon ze dne 18. 2. 2003 o volbách do Evropského parlamentu a o změně některých zákonů),glosář
62/2003/glosář,Glosář pojmů Zákona č. 62/2003 Sb. (Zákon ze dne 18. 2. 2003 o volbách do Evropského parlamentu a o změně některých zákonů),glosář
62/2003/glosář,Glosář pojmů Zákona č. 62/2003 Sb. (Zákon ze dne 18. 2. 2003 o volbách do Evropského parlamentu a o změně některých zákonů),glosář
62/2003/glosář,Glosář pojmů Zákona č. 62/2003 Sb. (Zákon ze dne 18. 2. 2003 o volbách do Evropského parlamentu a o změně některých zákonů),glosář
62/2003/glosář,Glosář pojmů Zákona č. 62/2003 Sb. (Zákon ze dne 18. 2. 2003 o volbách do Evropského parlamentu a o změně některých zákonů),glosář
62/2003/glosář,Glosář pojmů Zákona č. 62/2003 Sb. (Zákon ze dne 18. 2. 2003 o volbách do Evropského parlamentu a o změně některých zákonů),glosář
62/2003/glosář,Glosář pojmů Zákona č. 62/2003 Sb. (Zákon ze dne 18. 2. 2003 o volbách do Evropského parlamentu a o změně některých zákonů),glosář
62/2003/glosář,Glosář pojmů Zákona č. 62/2003 Sb. (Zákon ze dne 18. 2. 2003 o volbách do Evropského parlamentu a o změně některých zákonů),glosář
62/2003/glosář,Glosář pojmů Zákona č. 62/2003 Sb. (Zákon ze dne 18. 2. 2003 o volbách do Evropského parlamentu a o změně některých zákonů),glosář
62/2003/glosář,Glosář pojmů Zákona č. 62/2003 Sb. (Zákon ze dne 18. 2. 2003 o volbách do Evropského parlamentu a o změně některých zákonů),glosář
62/2003/glosář,Glosář pojmů Zákona č. 62/2003 Sb. (Zákon ze dne 18. 2. 2003 o volbách do Evropského parlamentu a o změně některých zákonů),glosář
62/2003/glosář,Glosář pojmů Zákona č. 62/2003 Sb. (Zákon ze dne 18. 2. 2003 o volbách do Evropského parlamentu a o změně některých zákonů),glosář
62/2003/glosář,Glosář pojmů Zákona č. 62/2003 Sb. (Zákon ze dne 18. 2. 2003 o volbách do Evropského parlamentu a o změně některých zákonů),glosář
62/2003/glosář,Glosář pojmů Zákona č. 62/2003 Sb. (Zákon ze dne 18. 2. 2003 o volbách do Evropského parlamentu a o změně některých zákonů),glosář
62/2003/glosář,Glosář pojmů Zákona č. 62/2003 Sb. (Zákon ze dne 18. 2. 2003 o volbách do Evropského parlamentu a o změně některých zákonů),glosář
62/2003/glosář,Glosář pojmů Zákona č. 62/2003 Sb. (Zákon ze dne 18. 2. 2003 o volbách do Evropského parlamentu a o změně některých zákonů),glosář
62/2003/glosář,Glosář pojmů Zákona č. 62/2003 Sb. (Zákon ze dne 18. 2. 2003 o volbách do Evropského parlamentu a o změně některých zákonů),glosář
62/2003/glosář,Glosář pojmů Zákona č. 62/2003 Sb. (Zákon ze dne 18. 2. 2003 o volbách do Evropského parlamentu a o změně některých zákonů),glosář
62/2003/glosář,Glosář pojmů Zákona č. 62/2003 Sb. (Zákon ze dne 18. 2. 2003 o volbách do Evropského parlamentu a o změně některých zákonů),glosář
62/2003/glosář,Glosář pojmů Zákona č. 62/2003 Sb. (Zákon ze dne 18. 2. 2003 o volbách do Evropského parlamentu a o změně některých zákonů),glosář
62/2003/glosář,Glosář pojmů Zákona č. 62/2003 Sb. (Zákon ze dne 18. 2. 2003 o volbách do Evropského parlamentu a o změně některých zákonů),glosář
62/2003/glosář,Glosář pojmů Zákona č. 62/2003 Sb. (Zákon ze dne 18. 2. 2003 o volbách do Evropského parlamentu a o změně některých zákonů),glosář
62/2003/glosář,Glosář pojmů Zákona č. 62/2003 Sb. (Zákon ze dne 18. 2. 2003 o volbách do Evropského parlamentu a o změně některých zákonů),glosář
62/2003/glosář,Glosář pojmů Zákona č. 62/2003 Sb. (Zákon ze dne 18. 2. 2003 o volbách do Evropského parlamentu a o změně některých zákonů),glosář
62/2003/glosář,Glosář pojmů Zákona č. 62/2003 Sb. (Zákon ze dne 18. 2. 2003 o volbách do Evropského parlamentu a o změně některých zákonů),glosář
62/2003/glosář,Glosář pojmů Zákona č. 62/2003 Sb. (Zákon ze dne 18. 2. 2003 o volbách do Evropského parlamentu a o změně některých zákonů),glosář
62/2003/glosář,Glosář pojmů Zákona č. 62/2003 Sb. (Zákon ze dne 18. 2. 2003 o volbách do Evropského parlamentu a o změně některých zákonů),glosář
62/2003/glosář,Glosář pojmů Zákona č. 62/2003 Sb. (Zákon ze dne 18. 2. 2003 o volbách do Evropského parlamentu a o změně některých zákonů),glosář
62/2003/glosář,Glosář pojmů Zákona č. 62/2003 Sb. (Zákon ze dne 18. 2. 2003 o volbách do Evropského parlamentu a o změně některých zákonů),glosář
62/2003/glosář,Glosář pojmů Zákona č. 62/2003 Sb. (Zákon ze dne 18. 2. 2003 o volbách do Evropského parlamentu a o změně některých zákonů),glosář
62/2003/glosář,Glosář pojmů Zákona č. 62/2003 Sb. (Zákon ze dne 18. 2. 2003 o volbách do Evropského parlamentu a o změně některých zákonů),glosář
62/2003/glosář,Glosář pojmů Zákona č. 62/2003 Sb. (Zákon ze dne 18. 2. 2003 o volbách do Evropského parlamentu a o změně některých zákonů),glosář
62/2003/glosář,Glosář pojmů Zákona č. 62/2003 Sb. (Zákon ze dne 18. 2. 2003 o volbách do Evropského parlamentu a o změně některých zákonů),glosář
62/2003/glosář,Glosář pojmů Zákona č. 62/2003 Sb. (Zákon ze dne 18. 2. 2003 o volbách do Evropského parlamentu a o změně některých zákonů),glosář
62/2003/glosář,Glosář pojmů Zákona č. 62/2003 Sb. (Zákon ze dne 18. 2. 2003 o volbách do Evropského parlamentu a o změně některých zákonů),glosář
62/2003/glosář,Glosář pojmů Zákona č. 62/2003 Sb. (Zákon ze dne 18. 2. 2003 o volbách do Evropského parlamentu a o změně některých zákonů),glosář
62/2003/glosář,Glosář pojmů Zákona č. 62/2003 Sb. (Zákon ze dne 18. 2. 2003 o volbách do Evropského parlamentu a o změně některých zákonů),glosář
62/2003/glosář,Glosář pojmů Zákona č. 62/2003 Sb. (Zákon ze dne 18. 2. 2003 o volbách do Evropského parlamentu a o změně některých zákonů),glosář
62/2003/glosář,Glosář pojmů Zákona č. 62/2003 Sb. (Zákon ze dne 18. 2. 2003 o volbách do Evropského parlamentu a o změně některých zákonů),glosář
62/2003/glosář,Glosář pojmů Zákona č. 62/2003 Sb. (Zákon ze dne 18. 2. 2003 o volbách do Evropského parlamentu a o změně některých zákonů),glosář
62/2003/glosář,Glosář pojmů Zákona č. 62/2003 Sb. (Zákon ze dne 18. 2. 2003 o volbách do Evropského parlamentu a o změně některých zákonů),glosář
62/2003/glosář,Glosář pojmů Zákona č. 62/2003 Sb. (Zákon ze dne 18. 2. 2003 o volbách do Evropského parlamentu a o změně některých zákonů),glosář
62/2003/glosář,Glosář pojmů Zákona č. 62/2003 Sb. (Zákon ze dne 18. 2. 2003 o volbách do Evropského parlamentu a o změně některých zákonů),glosář
62/2003/glosář,Glosář pojmů Zákona č. 62/2003 Sb. (Zákon ze dne 18. 2. 2003 o volbách do Evropského parlamentu a o změně některých zákonů),glosář
62/2003/glosář,Glosář pojmů Zákona č. 62/2003 Sb. (Zákon ze dne 18. 2. 2003 o volbách do Evropského parlamentu a o změně některých zákonů),glosář
62/2003/glosář,Glosář pojmů Zákona č. 62/2003 Sb. (Zákon ze dne 18. 2. 2003 o volbách do Evropského parlamentu a o změně některých zákonů),glosář
62/2003/glosář,Glosář pojmů Zákona č. 62/2003 Sb. (Zákon ze dne 18. 2. 2003 o volbách do Evropského parlamentu a o změně některých zákonů),glosář
62/2003/glosář,Glosář pojmů Zákona č. 62/2003 Sb. (Zákon ze dne 18. 2. 2003 o volbách do Evropského parlamentu a o změně některých zákonů),glosář
62/2003/glosář,Glosář pojmů Zákona č. 62/2003 Sb. (Zákon ze dne 18. 2. 2003 o volbách do Evropského parlamentu a o změně některých zákonů),glosář
62/2003/glosář,Glosář pojmů Zákona č. 62/2003 Sb. (Zákon ze dne 18. 2. 2003 o volbách do Evropského parlamentu a o změně některých zákonů),glosář
62/2003/glosář,Glosář pojmů Zákona č. 62/2003 Sb. (Zákon ze dne 18. 2. 2003 o volbách do Evropského parlamentu a o změně některých zákonů),glosář
62/2003/glosář,Glosář pojmů Zákona č. 62/2003 Sb. (Zákon ze dne 18. 2. 2003 o volbách do Evropského parlamentu a o změně některých zákonů),glosář
62/2003/glosář,Glosář pojmů Zákona č. 62/2003 Sb. (Zákon ze dne 18. 2. 2003 o volbách do Evropského parlamentu a o změně některých zákonů),glosář
62/2003/glosář,Glosář pojmů Zákona č. 62/2003 Sb. (Zákon ze dne 18. 2. 2003 o volbách do Evropského parlamentu a o změně některých zákonů),glosář
62/2003/glosář,Glosář pojmů Zákona č. 62/2003 Sb. (Zákon ze dne 18. 2. 2003 o volbách do Evropského parlamentu a o změně některých zákonů),glosář
247/1995/glosář,Glosář pojmů Zákona č. 247/1995 Sb. (Zákon o volbách do Parlamentu České republiky a o změně a doplnění některých dalších zákonů),glosář
247/1995/glosář,Glosář pojmů Zákona č. 247/1995 Sb. (Zákon o volbách do Parlamentu České republiky a o změně a doplnění některých dalších zákonů),glosář
247/1995/glosář,Glosář pojmů Zákona č. 247/1995 Sb. (Zákon o volbách do Parlamentu České republiky a o změně a doplnění některých dalších zákonů),glosář
247/1995/glosář,Glosář pojmů Zákona č. 247/1995 Sb. (Zákon o volbách do Parlamentu České republiky a o změně a doplnění některých dalších zákonů),glosář
247/1995/glosář,Glosář pojmů Zákona č. 247/1995 Sb. (Zákon o volbách do Parlamentu České republiky a o změně a doplnění některých dalších zákonů),glosář
247/1995/glosář,Glosář pojmů Zákona č. 247/1995 Sb. (Zákon o volbách do Parlamentu České republiky a o změně a doplnění některých dalších zákonů),glosář
247/1995/glosář,Glosář pojmů Zákona č. 247/1995 Sb. (Zákon o volbách do Parlamentu České republiky a o změně a doplnění některých dalších zákonů),glosář
247/1995/glosář,Glosář pojmů Zákona č. 247/1995 Sb. (Zákon o volbách do Parlamentu České republiky a o změně a doplnění některých dalších zákonů),glosář
247/1995/glosář,Glosář pojmů Zákona č. 247/1995 Sb. (Zákon o volbách do Parlamentu České republiky a o změně a doplnění některých dalších zákonů),glosář
247/1995/glosář,Glosář pojmů Zákona č. 247/1995 Sb. (Zákon o volbách do Parlamentu České republiky a o změně a doplnění některých dalších zákonů),glosář
247/1995/glosář,Glosář pojmů Zákona č. 247/1995 Sb. (Zákon o volbách do Parlamentu České republiky a o změně a doplnění některých dalších zákonů),glosář
247/1995/glosář,Glosář pojmů Zákona č. 247/1995 Sb. (Zákon o volbách do Parlamentu České republiky a o změně a doplnění některých dalších zákonů),glosář
247/1995/glosář,Glosář pojmů Zákona č. 247/1995 Sb. (Zákon o volbách do Parlamentu České republiky a o změně a doplnění některých dalších zákonů),glosář
247/1995/glosář,Glosář pojmů Zákona č. 247/1995 Sb. (Zákon o volbách do Parlamentu České republiky a o změně a doplnění některých dalších zákonů),glosář
247/1995/glosář,Glosář pojmů Zákona č. 247/1995 Sb. (Zákon o volbách do Parlamentu České republiky a o změně a doplnění některých dalších zákonů),glosář
247/1995/glosář,Glosář pojmů Zákona č. 247/1995 Sb. (Zákon o volbách do Parlamentu České republiky a o změně a doplnění některých dalších zákonů),glosář
247/1995/glosář,Glosář pojmů Zákona č. 247/1995 Sb. (Zákon o volbách do Parlamentu České republiky a o změně a doplnění některých dalších zákonů),glosář
247/1995/glosář,Glosář pojmů Zákona č. 247/1995 Sb. (Zákon o volbách do Parlamentu České republiky a o změně a doplnění některých dalších zákonů),glosář
247/1995/glosář,Glosář pojmů Zákona č. 247/1995 Sb. (Zákon o volbách do Parlamentu České republiky a o změně a doplnění některých dalších zákonů),glosář
247/1995/glosář,Glosář pojmů Zákona č. 247/1995 Sb. (Zákon o volbách do Parlamentu České republiky a o změně a doplnění některých dalších zákonů),glosář
247/1995/glosář,Glosář pojmů Zákona č. 247/1995 Sb. (Zákon o volbách do Parlamentu České republiky a o změně a doplnění některých dalších zákonů),glosář
247/1995/glosář,Glosář pojmů Zákona č. 247/1995 Sb. (Zákon o volbách do Parlamentu České republiky a o změně a doplnění některých dalších zákonů),glosář
247/1995/glosář,Glosář pojmů Zákona č. 247/1995 Sb. (Zákon o volbách do Parlamentu České republiky a o změně a doplnění některých dalších zákonů),glosář
247/1995/glosář,Glosář pojmů Zákona č. 247/1995 Sb. (Zákon o volbách do Parlamentu České republiky a o změně a doplnění některých dalších zákonů),glosář
247/1995/glosář,Glosář pojmů Zákona č. 247/1995 Sb. (Zákon o volbách do Parlamentu České republiky a o změně a doplnění některých dalších zákonů),glosář
247/1995/glosář,Glosář pojmů Zákona č. 247/1995 Sb. (Zákon o volbách do Parlamentu České republiky a o změně a doplnění některých dalších zákonů),glosář
247/1995/glosář,Glosář pojmů Zákona č. 247/1995 Sb. (Zákon o volbách do Parlamentu České republiky a o změně a doplnění některých dalších zákonů),glosář
247/1995/glosář,Glosář pojmů Zákona č. 247/1995 Sb. (Zákon o volbách do Parlamentu České republiky a o změně a doplnění některých dalších zákonů),glosář
247/1995/glosář,Glosář pojmů Zákona č. 247/1995 Sb. (Zákon o volbách do Parlamentu České republiky a o změně a doplnění některých dalších zákonů),glosář
247/1995/glosář,Glosář pojmů Zákona č. 247/1995 Sb. (Zákon o volbách do Parlamentu České republiky a o změně a doplnění některých dalších zákonů),glosář
247/1995/glosář,Glosář pojmů Zákona č. 247/1995 Sb. (Zákon o volbách do Parlamentu České republiky a o změně a doplnění některých dalších zákonů),glosář
247/1995/glosář,Glosář pojmů Zákona č. 247/1995 Sb. (Zákon o volbách do Parlamentu České republiky a o změně a doplnění některých dalších zákonů),glosář
247/1995/glosář,Glosář pojmů Zákona č. 247/1995 Sb. (Zákon o volbách do Parlamentu České republiky a o změně a doplnění některých dalších zákonů),glosář
247/1995/glosář,Glosář pojmů Zákona č. 247/1995 Sb. (Zákon o volbách do Parlamentu České republiky a o změně a doplnění některých dalších zákonů),glosář
247/1995/glosář,Glosář pojmů Zákona č. 247/1995 Sb. (Zákon o volbách do Parlamentu České republiky a o změně a doplnění některých dalších zákonů),glosář
247/1995/glosář,Glosář pojmů Zákona č. 247/1995 Sb. (Zákon o volbách do Parlamentu České republiky a o změně a doplnění některých dalších zákonů),glosář
247/1995/glosář,Glosář pojmů Zákona č. 247/1995 Sb. (Zákon o volbách do Parlamentu České republiky a o změně a doplnění některých dalších zákonů),glosář
247/1995/glosář,Glosář pojmů Zákona č. 247/1995 Sb. (Zákon o volbách do Parlamentu České republiky a o změně a doplnění některých dalších zákonů),glosář
247/1995/glosář,Glosář pojmů Zákona č. 247/1995 Sb. (Zákon o volbách do Parlamentu České republiky a o změně a doplnění některých dalších zákonů),glosář
247/1995/glosář,Glosář pojmů Zákona č. 247/1995 Sb. (Zákon o volbách do Parlamentu České republiky a o změně a doplnění některých dalších zákonů),glosář
247/1995/glosář,Glosář pojmů Zákona č. 247/1995 Sb. (Zákon o volbách do Parlamentu České republiky a o změně a doplnění některých dalších zákonů),glosář
247/1995/glosář,Glosář pojmů Zákona č. 247/1995 Sb. (Zákon o volbách do Parlamentu České republiky a o změně a doplnění některých dalších zákonů),glosář
247/1995/glosář,Glosář pojmů Zákona č. 247/1995 Sb. (Zákon o volbách do Parlamentu České republiky a o změně a doplnění některých dalších zákonů),glosář
247/1995/glosář,Glosář pojmů Zákona č. 247/1995 Sb. (Zákon o volbách do Parlamentu České republiky a o změně a doplnění některých dalších zákonů),glosář
247/1995/glosář,Glosář pojmů Zákona č. 247/1995 Sb. (Zákon o volbách do Parlamentu České republiky a o změně a doplnění některých dalších zákonů),glosář
247/1995/glosář,Glosář pojmů Zákona č. 247/1995 Sb. (Zákon o volbách do Parlamentu České republiky a o změně a doplnění některých dalších zákonů),glosář
247/1995/glosář,Glosář pojmů Zákona č. 247/1995 Sb. (Zákon o volbách do Parlamentu České republiky a o změně a doplnění některých dalších zákonů),glosář
247/1995/glosář,Glosář pojmů Zákona č. 247/1995 Sb. (Zákon o volbách do Parlamentu České republiky a o změně a doplnění některých dalších zákonů),glosář
247/1995/glosář,Glosář pojmů Zákona č. 247/1995 Sb. (Zákon o volbách do Parlamentu České republiky a o změně a doplnění některých dalších zákonů),glosář
247/1995/glosář,Glosář pojmů Zákona č. 247/1995 Sb. (Zákon o volbách do Parlamentu České republiky a o změně a doplnění některých dalších zákonů),glosář
247/1995/glosář,Glosář pojmů Zákona č. 247/1995 Sb. (Zákon o volbách do Parlamentu České republiky a o změně a doplnění některých dalších zákonů),glosář
247/1995/glosář,Glosář pojmů Zákona č. 247/1995 Sb. (Zákon o volbách do Parlamentu České republiky a o změně a doplnění některých dalších zákonů),glosář
247/1995/glosář,Glosář pojmů Zákona č. 247/1995 Sb. (Zákon o volbách do Parlamentu České republiky a o změně a doplnění některých dalších zákonů),glosář
247/1995/glosář,Glosář pojmů Zákona č. 247/1995 Sb. (Zákon o volbách do Parlamentu České republiky a o změně a doplnění některých dalších zákonů),glosář
247/1995/glosář,Glosář pojmů Zákona č. 247/1995 Sb. (Zákon o volbách do Parlamentu České republiky a o změně a doplnění některých dalších zákonů),glosář
247/1995/glosář,Glosář pojmů Zákona č. 247/1995 Sb. (Zákon o volbách do Parlamentu České republiky a o změně a doplnění některých dalších zákonů),glosář
247/1995/glosář,Glosář pojmů Zákona č. 247/1995 Sb. (Zákon o volbách do Parlamentu České republiky a o změně a doplnění některých dalších zákonů),glosář
247/1995/glosář,Glosář pojmů Zákona č. 247/1995 Sb. (Zákon o volbách do Parlamentu České republiky a o změně a doplnění některých dalších zákonů),glosář
247/1995/glosář,Glosář pojmů Zákona č. 247/1995 Sb. (Zákon o volbách do Parlamentu České republiky a o změně a doplnění některých dalších zákonů),glosář
247/1995/glosář,Glosář pojmů Zákona č. 247/1995 Sb. (Zákon o volbách do Parlamentu České republiky a o změně a doplnění některých dalších zákonů),glosář
247/1995/glosář,Glosář pojmů Zákona č. 247/1995 Sb. (Zákon o volbách do Parlamentu České republiky a o změně a doplnění některých dalších zákonů),glosář
247/1995/glosář,Glosář pojmů Zákona č. 247/1995 Sb. (Zákon o volbách do Parlamentu České republiky a o změně a doplnění některých dalších zákonů),glosář
247/1995/glosář,Glosář pojmů Zákona č. 247/1995 Sb. (Zákon o volbách do Parlamentu České republiky a o změně a doplnění některých dalších zákonů),glosář
247/1995/glosář,Glosář pojmů Zákona č. 247/1995 Sb. (Zákon o volbách do Parlamentu České republiky a o změně a doplnění některých dalších zákonů),glosář
247/1995/glosář,Glosář pojmů Zákona č. 247/1995 Sb. (Zákon o volbách do Parlamentu České republiky a o změně a doplnění některých dalších zákonů),glosář
247/1995/glosář,Glosář pojmů Zákona č. 247/1995 Sb. (Zákon o volbách do Parlamentu České republiky a o změně a doplnění některých dalších zákonů),glosář
247/1995/glosář,Glosář pojmů Zákona č. 247/1995 Sb. (Zákon o volbách do Parlamentu České republiky a o změně a doplnění některých dalších zákonů),glosář
247/1995/glosář,Glosář pojmů Zákona č. 247/1995 Sb. (Zákon o volbách do Parlamentu České republiky a o změně a doplnění některých dalších zákonů),glosář
247/1995/glosář,Glosář pojmů Zákona č. 247/1995 Sb. (Zákon o volbách do Parlamentu České republiky a o změně a doplnění některých dalších zákonů),glosář
247/1995/glosář,Glosář pojmů Zákona č. 247/1995 Sb. (Zákon o volbách do Parlamentu České republiky a o změně a doplnění některých dalších zákonů),glosář
247/1995/glosář,Glosář pojmů Zákona č. 247/1995 Sb. (Zákon o volbách do Parlamentu České republiky a o změně a doplnění některých dalších zákonů),glosář
247/1995/glosář,Glosář pojmů Zákona č. 247/1995 Sb. (Zákon o volbách do Parlamentu České republiky a o změně a doplnění některých dalších zákonů),glosář
247/1995/glosář,Glosář pojmů Zákona č. 247/1995 Sb. (Zákon o volbách do Parlamentu České republiky a o změně a doplnění některých dalších zákonů),glosář
247/1995/glosář,Glosář pojmů Zákona č. 247/1995 Sb. (Zákon o volbách do Parlamentu České republiky a o změně a doplnění některých dalších zákonů),glosář
247/1995/glosář,Glosář pojmů Zákona č. 247/1995 Sb. (Zákon o volbách do Parlamentu České republiky a o změně a doplnění některých dalších zákonů),glosář
247/1995/glosář,Glosář pojmů Zákona č. 247/1995 Sb. (Zákon o volbách do Parlamentu České republiky a o změně a doplnění některých dalších zákonů),glosář
247/1995/glosář,Glosář pojmů Zákona č. 247/1995 Sb. (Zákon o volbách do Parlamentu České republiky a o změně a doplnění některých dalších zákonů),glosář
247/1995/glosář,Glosář pojmů Zákona č. 247/1995 Sb. (Zákon o volbách do Parlamentu České republiky a o změně a doplnění některých dalších zákonů),glosář
247/1995/glosář,Glosář pojmů Zákona č. 247/1995 Sb. (Zákon o volbách do Parlamentu České republiky a o změně a doplnění některých dalších zákonů),glosář
247/1995/glosář,Glosář pojmů Zákona č. 247/1995 Sb. (Zákon o volbách do Parlamentu České republiky a o změně a doplnění některých dalších zákonů),glosář
247/1995/glosář,Glosář pojmů Zákona č. 247/1995 Sb. (Zákon o volbách do Parlamentu České republiky a o změně a doplnění některých dalších zákonů),glosář
247/1995/glosář,Glosář pojmů Zákona č. 247/1995 Sb. (Zákon o volbách do Parlamentu České republiky a o změně a doplnění některých dalších zákonů),glosář
247/1995/glosář,Glosář pojmů Zákona č. 247/1995 Sb. (Zákon o volbách do Parlamentu České republiky a o změně a doplnění některých dalších zákonů),glosář
247/1995/glosář,Glosář pojmů Zákona č. 247/1995 Sb. (Zákon o volbách do Parlamentu České republiky a o změně a doplnění některých dalších zákonů),glosář
247/1995/glosář,Glosář pojmů Zákona č. 247/1995 Sb. (Zákon o volbách do Parlamentu České republiky a o změně a doplnění některých dalších zákonů),glosář
247/1995/glosář,Glosář pojmů Zákona č. 247/1995 Sb. (Zákon o volbách do Parlamentu České republiky a o změně a doplnění některých dalších zákonů),glosář
247/1995/glosář,Glosář pojmů Zákona č. 247/1995 Sb. (Zákon o volbách do Parlamentu České republiky a o změně a doplnění některých dalších zákonů),glosář
247/1995/glosář,Glosář pojmů Zákona č. 247/1995 Sb. (Zákon o volbách do Parlamentu České republiky a o změně a doplnění některých dalších zákonů),glosář
247/1995/glosář,Glosář pojmů Zákona č. 247/1995 Sb. (Zákon o volbách do Parlamentu České republiky a o změně a doplnění některých dalších zákonů),glosář
247/1995/glosář,Glosář pojmů Zákona č. 247/1995 Sb. (Zákon o volbách do Parlamentu České republiky a o změně a doplnění některých dalších zákonů),glosář
247/1995/glosář,Glosář pojmů Zákona č. 247/1995 Sb. (Zákon o volbách do Parlamentu České republiky a o změně a doplnění některých dalších zákonů),glosář
247/1995/glosář,Glosář pojmů Zákona č. 247/1995 Sb. (Zákon o volbách do Parlamentu České republiky a o změně a doplnění některých dalších zákonů),glosář
247/1995/glosář,Glosář pojmů Zákona č. 247/1995 Sb. (Zákon o volbách do Parlamentu České republiky a o změně a doplnění některých dalších zákonů),glosář
247/1995/glosář,Glosář pojmů Zákona č. 247/1995 Sb. (Zákon o volbách do Parlamentu České republiky a o změně a doplnění některých dalších zákonů),glosář
247/1995/glosář,Glosář pojmů Zákona č. 247/1995 Sb. (Zákon o volbách do Parlamentu České republiky a o změně a doplnění některých dalších zákonů),glosář
247/1995/glosář,Glosář pojmů Zákona č. 247/1995 Sb. (Zákon o volbách do Parlamentu České republiky a o změně a doplnění některých dalších zákonů),glosář
247/1995/glosář,Glosář pojmů Zákona č. 247/1995 Sb. (Zákon o volbách do Parlamentu České republiky a o změně a doplnění některých dalších zákonů),glosář
247/1995/glosář,Glosář pojmů Zákona č. 247/1995 Sb. (Zákon o volbách do Parlamentu České republiky a o změně a doplnění některých dalších zákonů),glosář
247/1995/glosář,Glosář pojmů Zákona č. 247/1995 Sb. (Zákon o volbách do Parlamentu České republiky a o změně a doplnění některých dalších zákonů),glosář
247/1995/glosář,Glosář pojmů Zákona č. 247/1995 Sb. (Zákon o volbách do Parlamentu České republiky a o změně a doplnění některých dalších zákonů),glosář
247/1995/glosář,Glosář pojmů Zákona č. 247/1995 Sb. (Zákon o volbách do Parlamentu České republiky a o změně a doplnění některých dalších zákonů),glosář
247/1995/glosář,Glosář pojmů Zákona č. 247/1995 Sb. (Zákon o volbách do Parlamentu České republiky a o změně a doplnění některých dalších zákonů),glosář
247/1995/glosář,Glosář pojmů Zákona č. 247/1995 Sb. (Zákon o volbách do Parlamentu České republiky a o změně a doplnění některých dalších zákonů),glosář
247/1995/glosář,Glosář pojmů Zákona č. 247/1995 Sb. (Zákon o volbách do Parlamentu České republiky a o změně a doplnění některých dalších zákonů),glosář
247/1995/glosář,Glosář pojmů Zákona č. 247/1995 Sb. (Zákon o volbách do Parlamentu České republiky a o změně a doplnění některých dalších zákonů),glosář
247/1995/glosář,Glosář pojmů Zákona č. 247/1995 Sb. (Zákon o volbách do Parlamentu České republiky a o změně a doplnění některých dalších zákonů),glosář
247/1995/glosář,Glosář pojmů Zákona č. 247/1995 Sb. (Zákon o volbách do Parlamentu České republiky a o změně a doplnění některých dalších zákonů),glosář
247/1995/glosář,Glosář pojmů Zákona č. 247/1995 Sb. (Zákon o volbách do Parlamentu České republiky a o změně a doplnění některých dalších zákonů),glosář
247/1995/glosář,Glosář pojmů Zákona č. 247/1995 Sb. (Zákon o volbách do Parlamentu České republiky a o změně a doplnění některých dalších zákonů),glosář
247/1995/glosář,Glosář pojmů Zákona č. 247/1995 Sb. (Zákon o volbách do Parlamentu České republiky a o změně a doplnění některých dalších zákonů),glosář
247/1995/glosář,Glosář pojmů Zákona č. 247/1995 Sb. (Zákon o volbách do Parlamentu České republiky a o změně a doplnění některých dalších zákonů),glosář
247/1995/glosář,Glosář pojmů Zákona č. 247/1995 Sb. (Zákon o volbách do Parlamentu České republiky a o změně a doplnění některých dalších zákonů),glosář
247/1995/glosář,Glosář pojmů Zákona č. 247/1995 Sb. (Zákon o volbách do Parlamentu České republiky a o změně a doplnění některých dalších zákonů),glosář
247/1995/glosář,Glosář pojmů Zákona č. 247/1995 Sb. (Zákon o volbách do Parlamentu České republiky a o změně a doplnění některých dalších zákonů),glosář
247/1995/glosář,Glosář pojmů Zákona č. 247/1995 Sb. (Zákon o volbách do Parlamentu České republiky a o změně a doplnění některých dalších zákonů),glosář
247/1995/glosář,Glosář pojmů Zákona č. 247/1995 Sb. (Zákon o volbách do Parlamentu České republiky a o změně a doplnění některých dalších zákonů),glosář
247/1995/glosář,Glosář pojmů Zákona č. 247/1995 Sb. (Zákon o volbách do Parlamentu České republiky a o změně a doplnění některých dalších zákonů),glosář
247/1995/glosář,Glosář pojmů Zákona č. 247/1995 Sb. (Zákon o volbách do Parlamentu České republiky a o změně a doplnění některých dalších zákonů),glosář
247/1995/glosář,Glosář pojmů Zákona č. 247/1995 Sb. (Zákon o volbách do Parlamentu České republiky a o změně a doplnění některých dalších zákonů),glosář
247/1995/glosář,Glosář pojmů Zákona č. 247/1995 Sb. (Zákon o volbách do Parlamentu České republiky a o změně a doplnění některých dalších zákonů),glosář
247/1995/glosář,Glosář pojmů Zákona č. 247/1995 Sb. (Zákon o volbách do Parlamentu České republiky a o změně a doplnění některých dalších zákonů),glosář
247/1995/glosář,Glosář pojmů Zákona č. 247/1995 Sb. (Zákon o volbách do Parlamentu České republiky a o změně a doplnění některých dalších zákonů),glosář
247/1995/glosář,Glosář pojmů Zákona č. 247/1995 Sb. (Zákon o volbách do Parlamentu České republiky a o změně a doplnění některých dalších zákonů),glosář
247/1995/glosář,Glosář pojmů Zákona č. 247/1995 Sb. (Zákon o volbách do Parlamentu České republiky a o změně a doplnění některých dalších zákonů),glosář
247/1995/glosář,Glosář pojmů Zákona č. 247/1995 Sb. (Zákon o volbách do Parlamentu České republiky a o změně a doplnění některých dalších zákonů),glosář
247/1995/glosář,Glosář pojmů Zákona č. 247/1995 Sb. (Zákon o volbách do Parlamentu České republiky a o změně a doplnění některých dalších zákonů),glosář
247/1995/glosář,Glosář pojmů Zákona č. 247/1995 Sb. (Zákon o volbách do Parlamentu České republiky a o změně a doplnění některých dalších zákonů),glosář
247/1995/glosář,Glosář pojmů Zákona č. 247/1995 Sb. (Zákon o volbách do Parlamentu České republiky a o změně a doplnění některých dalších zákonů),glosář
247/1995/glosář,Glosář pojmů Zákona č. 247/1995 Sb. (Zákon o volbách do Parlamentu České republiky a o změně a doplnění některých dalších zákonů),glosář
247/1995/glosář,Glosář pojmů Zákona č. 247/1995 Sb. (Zákon o volbách do Parlamentu České republiky a o změně a doplnění některých dalších zákonů),glosář
247/1995/glosář,Glosář pojmů Zákona č. 247/1995 Sb. (Zákon o volbách do Parlamentu České republiky a o změně a doplnění některých dalších zákonů),glosář
247/1995/glosář,Glosář pojmů Zákona č. 247/1995 Sb. (Zákon o volbách do Parlamentu České republiky a o změně a doplnění některých dalších zákonů),glosář
247/1995/glosář,Glosář pojmů Zákona č. 247/1995 Sb. (Zákon o volbách do Parlamentu České republiky a o změně a doplnění některých dalších zákonů),glosář
247/1995/glosář,Glosář pojmů Zákona č. 247/1995 Sb. (Zákon o volbách do Parlamentu České republiky a o změně a doplnění některých dalších zákonů),glosář
247/1995/glosář,Glosář pojmů Zákona č. 247/1995 Sb. (Zákon o volbách do Parlamentu České republiky a o změně a doplnění některých dalších zákonů),glosář
247/1995/glosář,Glosář pojmů Zákona č. 247/1995 Sb. (Zákon o volbách do Parlamentu České republiky a o změně a doplnění některých dalších zákonů),glosář
247/1995/glosář,Glosář pojmů Zákona č. 247/1995 Sb. (Zákon o volbách do Parlamentu České republiky a o změně a doplnění některých dalších zákonů),glosář
247/1995/glosář,Glosář pojmů Zákona č. 247/1995 Sb. (Zákon o volbách do Parlamentu České republiky a o změně a doplnění některých dalších zákonů),glosář
247/1995/glosář,Glosář pojmů Zákona č. 247/1995 Sb. (Zákon o volbách do Parlamentu České republiky a o změně a doplnění některých dalších zákonů),glosář
247/1995/glosář,Glosář pojmů Zákona č. 247/1995 Sb. (Zákon o volbách do Parlamentu České republiky a o změně a doplnění některých dalších zákonů),glosář
247/1995/glosář,Glosář pojmů Zákona č. 247/1995 Sb. (Zákon o volbách do Parlamentu České republiky a o změně a doplnění některých dalších zákonů),glosář
247/1995/glosář,Glosář pojmů Zákona č. 247/1995 Sb. (Zákon o volbách do Parlamentu České republiky a o změně a doplnění některých dalších zákonů),glosář
247/1995/glosář,Glosář pojmů Zákona č. 247/1995 Sb. (Zákon o volbách do Parlamentu České republiky a o změně a doplnění některých dalších zákonů),glosář
247/1995/glosář,Glosář pojmů Zákona č. 247/1995 Sb. (Zákon o volbách do Parlamentu České republiky a o změně a doplnění některých dalších zákonů),glosář
247/1995/glosář,Glosář pojmů Zákona č. 247/1995 Sb. (Zákon o volbách do Parlamentu České republiky a o změně a doplnění některých dalších zákonů),glosář
247/1995/glosář,Glosář pojmů Zákona č. 247/1995 Sb. (Zákon o volbách do Parlamentu České republiky a o změně a doplnění některých dalších zákonů),glosář
247/1995/glosář,Glosář pojmů Zákona č. 247/1995 Sb. (Zákon o volbách do Parlamentu České republiky a o změně a doplnění některých dalších zákonů),glosář
247/1995/glosář,Glosář pojmů Zákona č. 247/1995 Sb. (Zákon o volbách do Parlamentu České republiky a o změně a doplnění některých dalších zákonů),glosář
247/1995/glosář,Glosář pojmů Zákona č. 247/1995 Sb. (Zákon o volbách do Parlamentu České republiky a o změně a doplnění některých dalších zákonů),glosář
247/1995/glosář,Glosář pojmů Zákona č. 247/1995 Sb. (Zákon o volbách do Parlamentu České republiky a o změně a doplnění některých dalších zákonů),glosář
247/1995/glosář,Glosář pojmů Zákona č. 247/1995 Sb. (Zákon o volbách do Parlamentu České republiky a o změně a doplnění některých dalších zákonů),glosář
247/1995/glosář,Glosář pojmů Zákona č. 247/1995 Sb. (Zákon o volbách do Parlamentu České republiky a o změně a doplnění některých dalších zákonů),glosář
247/1995/glosář,Glosář pojmů Zákona č. 247/1995 Sb. (Zákon o volbách do Parlamentu České republiky a o změně a doplnění některých dalších zákonů),glosář
247/1995/glosář,Glosář pojmů Zákona č. 247/1995 Sb. (Zákon o volbách do Parlamentu České republiky a o změně a doplnění některých dalších zákonů),glosář
247/1995/glosář,Glosář pojmů Zákona č. 247/1995 Sb. (Zákon o volbách do Parlamentu České republiky a o změně a doplnění některých dalších zákonů),glosář
247/1995/glosář,Glosář pojmů Zákona č. 247/1995 Sb. (Zákon o volbách do Parlamentu České republiky a o změně a doplnění některých dalších zákonů),glosář
247/1995/glosář,Glosář pojmů Zákona č. 247/1995 Sb. (Zákon o volbách do Parlamentu České republiky a o změně a doplnění některých dalších zákonů),glosář
247/1995/glosář,Glosář pojmů Zákona č. 247/1995 Sb. (Zákon o volbách do Parlamentu České republiky a o změně a doplnění některých dalších zákonů),glosář
247/1995/glosář,Glosář pojmů Zákona č. 247/1995 Sb. (Zákon o volbách do Parlamentu České republiky a o změně a doplnění některých dalších zákonů),glosář
247/1995/glosář,Glosář pojmů Zákona č. 247/1995 Sb. (Zákon o volbách do Parlamentu České republiky a o změně a doplnění některých dalších zákonů),glosář
247/1995/glosář,Glosář pojmů Zákona č. 247/1995 Sb. (Zákon o volbách do Parlamentu České republiky a o změně a doplnění některých dalších zákonů),glosář
247/1995/glosář,Glosář pojmů Zákona č. 247/1995 Sb. (Zákon o volbách do Parlamentu České republiky a o změně a doplnění některých dalších zákonů),glosář
247/1995/glosář,Glosář pojmů Zákona č. 247/1995 Sb. (Zákon o volbách do Parlamentu České republiky a o změně a doplnění některých dalších zákonů),glosář
247/1995/glosář,Glosář pojmů Zákona č. 247/1995 Sb. (Zákon o volbách do Parlamentu České republiky a o změně a doplnění některých dalších zákonů),glosář
247/1995/glosář,Glosář pojmů Zákona č. 247/1995 Sb. (Zákon o volbách do Parlamentu České republiky a o změně a doplnění některých dalších zákonů),glosář
247/1995/glosář,Glosář pojmů Zákona č. 247/1995 Sb. (Zákon o volbách do Parlamentu České republiky a o změně a doplnění některých dalších zákonů),glosář
247/1995/glosář,Glosář pojmů Zákona č. 247/1995 Sb. (Zákon o volbách do Parlamentu České republiky a o změně a doplnění některých dalších zákonů),glosář
247/1995/glosář,Glosář pojmů Zákona č. 247/1995 Sb. (Zákon o volbách do Parlamentu České republiky a o změně a doplnění některých dalších zákonů),glosář
247/1995/glosář,Glosář pojmů Zákona č. 247/1995 Sb. (Zákon o volbách do Parlamentu České republiky a o změně a doplnění některých dalších zákonů),glosář
247/1995/glosář,Glosář pojmů Zákona č. 247/1995 Sb. (Zákon o volbách do Parlamentu České republiky a o změně a doplnění některých dalších zákonů),glosář
247/1995/glosář,Glosář pojmů Zákona č. 247/1995 Sb. (Zákon o volbách do Parlamentu České republiky a o změně a doplnění některých dalších zákonů),glosář
247/1995/glosář,Glosář pojmů Zákona č. 247/1995 Sb. (Zákon o volbách do Parlamentu České republiky a o změně a doplnění některých dalších zákonů),glosář
247/1995/glosář,Glosář pojmů Zákona č. 247/1995 Sb. (Zákon o volbách do Parlamentu České republiky a o změně a doplnění některých dalších zákonů),glosář
247/1995/glosář,Glosář pojmů Zákona č. 247/1995 Sb. (Zákon o volbách do Parlamentu České republiky a o změně a doplnění některých dalších zákonů),glosář
247/1995/glosář,Glosář pojmů Zákona č. 247/1995 Sb. (Zákon o volbách do Parlamentu České republiky a o změně a doplnění některých dalších zákonů),glosář
247/1995/glosář,Glosář pojmů Zákona č. 247/1995 Sb. (Zákon o volbách do Parlamentu České republiky a o změně a doplnění některých dalších zákonů),glosář
247/1995/glosář,Glosář pojmů Zákona č. 247/1995 Sb. (Zákon o volbách do Parlamentu České republiky a o změně a doplnění některých dalších zákonů),glosář
247/1995/glosář,Glosář pojmů Zákona č. 247/1995 Sb. (Zákon o volbách do Parlamentu České republiky a o změně a doplnění některých dalších zákonů),glosář
247/1995/glosář,Glosář pojmů Zákona č. 247/1995 Sb. (Zákon o volbách do Parlamentu České republiky a o změně a doplnění některých dalších zákonů),glosář
247/1995/glosář,Glosář pojmů Zákona č. 247/1995 Sb. (Zákon o volbách do Parlamentu České republiky a o změně a doplnění některých dalších zákonů),glosář
247/1995/glosář,Glosář pojmů Zákona č. 247/1995 Sb. (Zákon o volbách do Parlamentu České republiky a o změně a doplnění některých dalších zákonů),glosář
247/1995/glosář,Glosář pojmů Zákona č. 247/1995 Sb. (Zákon o volbách do Parlamentu České republiky a o změně a doplnění některých dalších zákonů),glosář
247/1995/glosář,Glosář pojmů Zákona č. 247/1995 Sb. (Zákon o volbách do Parlamentu České republiky a o změně a doplnění některých dalších zákonů),glosář
247/1995/glosář,Glosář pojmů Zákona č. 247/1995 Sb. (Zákon o volbách do Parlamentu České republiky a o změně a doplnění některých dalších zákonů),glosář
247/1995/glosář,Glosář pojmů Zákona č. 247/1995 Sb. (Zákon o volbách do Parlamentu České republiky a o změně a doplnění některých dalších zákonů),glosář
247/1995/glosář,Glosář pojmů Zákona č. 247/1995 Sb. (Zákon o volbách do Parlamentu České republiky a o změně a doplnění některých dalších zákonů),glosář
247/1995/glosář,Glosář pojmů Zákona č. 247/1995 Sb. (Zákon o volbách do Parlamentu České republiky a o změně a doplnění některých dalších zákonů),glosář
247/1995/glosář,Glosář pojmů Zákona č. 247/1995 Sb. (Zákon o volbách do Parlamentu České republiky a o změně a doplnění některých dalších zákonů),glosář
247/1995/glosář,Glosář pojmů Zákona č. 247/1995 Sb. (Zákon o volbách do Parlamentu České republiky a o změně a doplnění některých dalších zákonů),glosář
247/1995/glosář,Glosář pojmů Zákona č. 247/1995 Sb. (Zákon o volbách do Parlamentu České republiky a o změně a doplnění některých dalších zákonů),glosář
247/1995/glosář,Glosář pojmů Zákona č. 247/1995 Sb. (Zákon o volbách do Parlamentu České republiky a o změně a doplnění některých dalších zákonů),glosář
247/1995/glosář,Glosář pojmů Zákona č. 247/1995 Sb. (Zákon o volbách do Parlamentu České republiky a o změně a doplnění některých dalších zákonů),glosář
247/1995/glosář,Glosář pojmů Zákona č. 247/1995 Sb. (Zákon o volbách do Parlamentu České republiky a o změně a doplnění některých dalších zákonů),glosář
247/1995/glosář,Glosář pojmů Zákona č. 247/1995 Sb. (Zákon o volbách do Parlamentu České republiky a o změně a doplnění některých dalších zákonů),glosář
247/1995/glosář,Glosář pojmů Zákona č. 247/1995 Sb. (Zákon o volbách do Parlamentu České republiky a o změně a doplnění některých dalších zákonů),glosář
247/1995/glosář,Glosář pojmů Zákona č. 247/1995 Sb. (Zákon o volbách do Parlamentu České republiky a o změně a doplnění některých dalších zákonů),glosář
247/1995/glosář,Glosář pojmů Zákona č. 247/1995 Sb. (Zákon o volbách do Parlamentu České republiky a o změně a doplnění některých dalších zákonů),glosář
247/1995/glosář,Glosář pojmů Zákona č. 247/1995 Sb. (Zákon o volbách do Parlamentu České republiky a o změně a doplnění některých dalších zákonů),glosář
247/1995/glosář,Glosář pojmů Zákona č. 247/1995 Sb. (Zákon o volbách do Parlamentu České republiky a o změně a doplnění některých dalších zákonů),glosář
247/1995/glosář,Glosář pojmů Zákona č. 247/1995 Sb. (Zákon o volbách do Parlamentu České republiky a o změně a doplnění některých dalších zákonů),glosář
247/1995/glosář,Glosář pojmů Zákona č. 247/1995 Sb. (Zákon o volbách do Parlamentu České republiky a o změně a doplnění některých dalších zákonů),glosář
247/1995/glosář,Glosář pojmů Zákona č. 247/1995 Sb. (Zákon o volbách do Parlamentu České republiky a o změně a doplnění některých dalších zákonů),glosář
247/1995/glosář,Glosář pojmů Zákona č. 247/1995 Sb. (Zákon o volbách do Parlamentu České republiky a o změně a doplnění některých dalších zákonů),glosář
247/1995/glosář,Glosář pojmů Zákona č. 247/1995 Sb. (Zákon o volbách do Parlamentu České republiky a o změně a doplnění některých dalších zákonů),glosář
247/1995/glosář,Glosář pojmů Zákona č. 247/1995 Sb. (Zákon o volbách do Parlamentu České republiky a o změně a doplnění některých dalších zákonů),glosář
247/1995/glosář,Glosář pojmů Zákona č. 247/1995 Sb. (Zákon o volbách do Parlamentu České republiky a o změně a doplnění některých dalších zákonů),glosář
247/1995/glosář,Glosář pojmů Zákona č. 247/1995 Sb. (Zákon o volbách do Parlamentu České republiky a o změně a doplnění některých dalších zákonů),glosář
247/1995/glosář,Glosář pojmů Zákona č. 247/1995 Sb. (Zákon o volbách do Parlamentu České republiky a o změně a doplnění některých dalších zákonů),glosář
247/1995/glosář,Glosář pojmů Zákona č. 247/1995 Sb. (Zákon o volbách do Parlamentu České republiky a o změně a doplnění některých dalších zákonů),glosář
247/1995/glosář,Glosář pojmů Zákona č. 247/1995 Sb. (Zákon o volbách do Parlamentu České republiky a o změně a doplnění některých dalších zákonů),glosář
247/1995/glosář,Glosář pojmů Zákona č. 247/1995 Sb. (Zákon o volbách do Parlamentu České republiky a o změně a doplnění některých dalších zákonů),glosář
247/1995/glosář,Glosář pojmů Zákona č. 247/1995 Sb. (Zákon o volbách do Parlamentu České republiky a o změně a doplnění některých dalších zákonů),glosář
247/1995/glosář,Glosář pojmů Zákona č. 247/1995 Sb. (Zákon o volbách do Parlamentu České republiky a o změně a doplnění některých dalších zákonů),glosář
247/1995/glosář,Glosář pojmů Zákona č. 247/1995 Sb. (Zákon o volbách do Parlamentu České republiky a o změně a doplnění některých dalších zákonů),glosář
